iso_time_utc	mono_s	mode	event	step_idx	goal_x_cm	goal_y_cm	rover_x_cm	rover_y_cm	goal_dist_cm	status	rover_z_cm	heading_deg	raw_rover_x_m	raw_rover_y_m	raw_rover_z_m	raw_heading_deg	speed	abs_speed	avg_abs_speed	prev_avg_abs_speed	pitch_deg	roll_deg	delta_pitch_deg	delta_roll_deg	attitude_deg	throttle_cmd	steering_cmd	brakes	lights_on	waypoint_idx	target_x_cm	target_y_cm	waypoint_dist_cm	waypoint_avg_dist_cm	total_traveled_cm	stationary_anchor_x_cm	stationary_anchor_y_cm	stationary_elapsed_s	moved_since_anchor_cm	movement_detected	stuck_detection_armed	stuck_rearm_pending	rearm_elapsed_s	startup_grace_elapsed	angle_stuck_detected	speed_drop_stuck_detected	impact_stop_stuck_detected	commanded_stall_detected	lidar_contact_stuck_detected	high_attitude_stuck_detected	near_rollover_detected	rollover_detected	collision_stuck_detected	heading_correction_active	heading_correction_suppressed	reverse_active	recovery_brake_active	recovery_rearm_hold_active	obstacle_added	obstacle_total	path_len	lidar_min_cm	lidar_front_min_cm	lidar_left_min_cm	lidar_right_min_cm	lidar_rear_min_cm	lidar_valid_count	lidar_00_cm	lidar_01_cm	lidar_02_cm	lidar_03_cm	lidar_04_cm	lidar_05_cm	lidar_06_cm	lidar_07_cm	lidar_08_cm	lidar_09_cm	lidar_10_cm	lidar_11_cm	lidar_12_cm	lidar_13_cm	lidar_14_cm	lidar_15_cm	lidar_16_cm
2026-05-18T21:37:23Z	134170.679	dumbdrive_drive	loop_tick	0	-4270.020	-2270.020	-270.020	1729.980	5656.854	Heading correction: forward | Running | Goals: 0	29.999	-89.600	-5669.700	-10074.601	1440.300	179.600	0.000	0.000	0.000		4.000	-2.100			4.000	40.000	-1.000	0	0	57	-573.573	1426.427	429.289	429.289	29.999	-270.020	1729.980	0.000	0.000	0	0	0	0.000	0	0	0	0	0	0	0	0	0	0	1	0	0	0	0	0	0	649	317.800	420.390	405.180	390.080	317.800	15	911.840	523.160	-1.000	527.620	735.880	420.390	423.610	405.180	390.080	652.450	322.030	317.800	626.430	972.080	-1.000	859.080	743.780
2026-05-18T21:37:23Z	134170.898	dumbdrive_drive	loop_tick	1	-4270.020	-2270.020	-270.020	1729.980	5656.854	Heading correction: forward | Running | Goals: 0	29.999	-89.600	-5669.700	-10074.601	1440.300	179.600	0.000	0.000	0.000	0.000	4.000	-2.100	0.000	0.000	4.000	40.000	-1.000	0	0	57	-573.573	1426.427	429.289	429.289	29.999	-270.020	1729.980	0.000	0.000	0	0	0	0.000	0	0	0	0	0	0	0	0	0	0	1	1	0	0	0	0	0	649	317.800	420.390	405.180	390.080	317.800	15	911.840	523.160	-1.000	527.620	735.880	420.390	423.610	405.180	390.080	652.450	322.030	317.800	626.430	972.080	-1.000	859.080	743.780
2026-05-18T21:37:24Z	134171.119	dumbdrive_drive	loop_tick	2	-4270.020	-2270.020	-270.020	1729.980	5656.854	Heading correction: forward | Running | Goals: 0	29.999	-89.600	-5669.700	-10074.601	1440.300	179.600	0.000	0.000	0.000	0.000	4.000	-2.100	0.000	0.000	4.000	40.000	-1.000	0	0	57	-573.573	1426.427	429.289	429.289	29.999	-270.020	1729.980	0.000	0.000	0	0	0	0.000	0	0	0	0	0	0	0	0	0	0	1	1	0	0	0	0	0	649	317.800	420.390	405.180	390.080	317.800	15	911.840	523.160	-1.000	527.620	735.880	420.390	423.610	405.180	390.080	652.450	322.030	317.800	626.430	972.080	-1.000	859.080	743.780
2026-05-18T21:37:24Z	134171.339	dumbdrive_drive	loop_tick	3	-4270.020	-2270.020	-270.020	1729.980	5656.854	Heading correction: forward | Running | Goals: 0	29.999	-89.600	-5669.700	-10074.601	1440.300	179.600	0.000	0.000	0.000	0.000	4.000	-2.100	0.000	0.000	4.000	40.000	-1.000	0	0	57	-573.573	1426.427	429.289	429.289	29.999	-270.020	1729.980	0.000	0.000	0	0	0	0.000	0	0	0	0	0	0	0	0	0	0	1	1	0	0	0	0	0	649	317.800	420.390	405.180	390.080	317.800	15	911.840	523.160	-1.000	527.620	735.880	420.390	423.610	405.180	390.080	652.450	322.030	317.800	626.430	972.080	-1.000	859.080	743.780
2026-05-18T21:37:24Z	134171.561	dumbdrive_drive	loop_tick	4	-4270.020	-2270.020	-270.020	1729.980	5656.854	Heading correction: forward | Running | Goals: 0	29.999	-89.600	-5669.700	-10074.601	1440.300	179.600	0.000	0.000	0.000	0.000	4.000	-2.100	0.000	0.000	4.000	40.000	-1.000	0	0	57	-573.573	1426.427	429.289	429.289	29.999	-270.020	1729.980	0.000	0.000	0	0	0	0.000	0	0	0	0	0	0	0	0	0	0	1	1	0	0	0	0	0	649	317.800	420.390	405.180	390.080	317.800	15	911.830	523.160	-1.000	527.620	735.890	420.390	423.610	405.180	390.080	652.450	322.030	317.800	626.430	972.080	-1.000	859.080	743.780
2026-05-18T21:37:24Z	134171.780	dumbdrive_drive	loop_tick	5	-4270.020	-2270.020	-270.020	1729.980	5656.854	Heading correction: forward | Running | Goals: 0	29.999	-89.600	-5669.700	-10074.601	1440.300	179.600	0.000	0.000	0.000	0.000	4.000	-2.100	0.000	0.000	4.000	40.000	-1.000	0	0	57	-573.573	1426.427	429.289	429.289	29.999	-270.020	1729.980	0.000	0.000	0	0	0	0.000	0	0	0	0	0	0	0	0	0	0	1	1	0	0	0	0	0	649	317.800	420.390	405.180	390.080	317.800	15	911.830	523.160	-1.000	527.620	735.890	420.390	423.610	405.180	390.080	652.450	322.030	317.800	626.430	972.080	-1.000	859.080	743.780
2026-05-18T21:37:24Z	134171.997	dumbdrive_drive	loop_tick	6	-4270.020	-2270.020	-270.020	1729.980	5656.854	Heading correction: forward | Running | Goals: 0	29.999	-89.600	-5669.700	-10074.601	1440.300	179.600	0.000	0.000	0.000	0.000	4.000	-2.100	0.000	0.000	4.000	40.000	-1.000	0	0	57	-573.573	1426.427	429.289	429.289	29.999	-270.020	1729.980	0.000	0.000	0	0	0	0.000	0	0	0	0	0	0	0	0	0	0	1	1	0	0	0	0	0	649	317.800	420.390	405.180	390.080	317.800	15	911.830	523.160	-1.000	527.620	735.890	420.390	423.610	405.180	390.080	652.450	322.030	317.800	626.430	972.080	-1.000	859.080	743.780
2026-05-18T21:37:25Z	134172.219	dumbdrive_drive	loop_tick	7	-4270.020	-2270.020	-270.020	1729.980	5656.854	Heading correction: forward | Running | Goals: 0	29.999	-89.600	-5669.700	-10074.601	1440.300	179.600	0.000	0.000	0.000	0.000	4.000	-2.100	0.000	0.000	4.000	40.000	-1.000	0	0	57	-573.573	1426.427	429.289	429.289	29.999	-270.020	1729.980	0.000	0.000	0	0	0	0.000	0	0	0	0	0	0	0	0	0	0	1	1	0	0	0	0	0	649	317.800	420.390	405.180	390.080	317.800	15	911.830	523.160	-1.000	527.620	735.890	420.390	423.610	405.180	390.080	652.450	322.030	317.800	626.430	972.080	-1.000	859.080	743.780
2026-05-18T21:37:25Z	134172.439	dumbdrive_drive	loop_tick	8	-4270.020	-2270.020	-289.990	1700.000	5621.538	Heading correction: forward | Running | Goals: 0	29.999	-93.600	-5669.900	-10074.900	1440.300	183.600	2.500	2.500	0.625	0.000	4.600	-2.100	0.600	0.000	4.600	40.000	-1.000	0	0	57	-643.568	1356.432	493.007	436.369	66.022	-289.990	1700.000	0.000	36.023	1	0	0	0.000	0	0	0	0	0	0	0	0	0	0	1	1	0	0	0	0	0	638	273.880	434.930	415.020	382.110	273.880	13	-1.000	546.280	-1.000	545.860	775.970	434.930	436.120	415.020	382.110	686.850	283.440	273.880	574.070	887.740	-1.000	779.390	-1.000
2026-05-18T21:37:25Z	134172.656	dumbdrive_drive	loop_tick	9	-4270.020	-2270.020	-289.990	1700.000	5621.538	Heading correction: forward | Running | Goals: 0	29.999	-93.600	-5669.900	-10074.900	1440.300	183.600	2.500	2.500	1.250	0.625	4.600	-2.100	0.000	0.000	4.600	40.000	-1.000	0	0	57	-643.568	1356.432	493.007	442.033	66.022	-289.990	1700.000	0.000	0.000	1	0	0	0.000	0	0	0	0	0	0	0	0	0	0	1	1	0	0	0	0	0	638	273.880	434.930	415.020	382.110	273.880	13	-1.000	546.280	-1.000	545.860	775.970	434.930	436.120	415.020	382.110	686.850	283.440	273.880	574.070	887.740	-1.000	779.390	-1.000
2026-05-18T21:37:25Z	134172.878	dumbdrive_drive	loop_tick	10	-4270.020	-2270.020	-289.990	1700.000	5621.538	Heading correction: forward | Running | Goals: 0	29.999	-93.600	-5669.900	-10074.900	1440.300	183.600	2.500	2.500	1.875	1.250	4.600	-2.100	0.000	0.000	4.600	40.000	-1.000	0	0	57	-643.568	1356.432	493.007	446.667	66.022	-289.990	1700.000	0.000	0.000	1	0	0	0.000	0	0	0	0	0	0	0	0	0	0	1	1	0	0	0	0	0	638	273.880	434.930	415.020	382.110	273.880	13	-1.000	546.280	-1.000	545.860	775.970	434.930	436.120	415.020	382.110	686.850	283.440	273.880	574.070	887.740	-1.000	779.390	-1.000
2026-05-18T21:37:26Z	134173.097	dumbdrive_drive	loop_tick	11	-4270.020	-2270.020	-289.990	1700.000	5621.538	Heading correction: forward | Running | Goals: 0	29.999	-93.600	-5669.900	-10074.900	1440.300	183.600	2.500	2.500	2.500	1.875	4.600	-2.100	0.000	0.000	4.600	40.000	-1.000	0	0	57	-643.568	1356.432	493.007	450.529	66.022	-289.990	1700.000	0.000	0.000	1	0	0	0.000	0	0	0	0	0	0	0	0	0	0	1	1	0	0	0	0	0	638	273.880	434.930	415.020	382.110	273.880	13	-1.000	546.280	-1.000	545.860	775.970	434.930	436.120	415.020	382.110	686.850	283.440	273.880	574.070	887.740	-1.000	779.390	-1.000
2026-05-18T21:37:26Z	134173.323	dumbdrive_drive	loop_tick	12	-4270.020	-2270.020	-289.990	1700.000	5621.538	Heading correction: forward | Running | Goals: 0	29.999	-93.600	-5669.900	-10074.900	1440.300	183.600	2.500	2.500	2.500	2.500	4.600	-2.100	0.000	0.000	4.600	40.000	-1.000	0	0	57	-643.568	1356.432	493.007	453.796	66.022	-289.990	1700.000	0.000	0.000	1	0	0	0.000	0	0	0	0	0	0	0	0	0	0	1	1	0	0	0	0	0	638	273.880	434.930	415.020	382.110	273.880	13	-1.000	546.280	-1.000	545.860	775.970	434.930	436.120	415.020	382.110	686.850	283.440	273.880	574.070	887.740	-1.000	779.390	-1.000
2026-05-18T21:37:26Z	134173.552	dumbdrive_drive	loop_tick	13	-4270.020	-2270.020	-320.020	1620.020	5543.907	Heading correction: forward | Running | Goals: 0	29.999	-104.400	-5670.200	-10075.700	1440.300	194.400	4.800	4.800	3.075	2.500	5.000	-1.700	0.400	0.400	5.000	40.000	-1.000	0	0	57	-627.943	1272.057	464.645	454.571	151.454	-320.020	1620.020	0.000	85.432	1	0	0	0.000	0	0	0	0	0	0	0	0	0	0	1	1	0	0	0	0	0	634	247.210	435.240	422.900	383.650	247.210	12	-1.000	548.240	803.950	549.040	-1.000	435.870	435.240	422.900	383.650	701.100	270.330	247.210	558.190	737.580	-1.000	-1.000	-1.000
2026-05-18T21:37:26Z	134173.778	dumbdrive_drive	loop_tick	14	-4270.020	-2270.020	-320.020	1620.020	5543.907	Heading correction: forward | Running | Goals: 0	29.999	-104.400	-5670.200	-10075.700	1440.300	194.400	4.800	4.800	3.650	3.075	5.000	-1.700	0.000	0.000	5.000	40.000	-1.000	0	0	57	-627.943	1272.057	464.645	455.243	151.454	-320.020	1620.020	0.000	0.000	1	0	0	0.000	0	0	0	0	0	0	0	0	0	0	1	1	0	0	0	0	0	634	247.210	435.240	422.900	383.650	247.210	12	-1.000	548.240	803.950	549.040	-1.000	435.870	435.240	422.900	383.650	701.100	270.330	247.210	558.190	737.580	-1.000	-1.000	-1.000
2026-05-18T21:37:26Z	134174.001	dumbdrive_drive	loop_tick	15	-4270.020	-2270.020	-320.020	1620.020	5543.907	Heading correction: forward | Running | Goals: 0	29.999	-104.400	-5670.200	-10075.700	1440.300	194.400	4.800	4.800	4.225	3.650	5.000	-1.700	0.000	0.000	5.000	40.000	-1.000	0	0	57	-627.943	1272.057	464.645	455.830	151.454	-320.020	1620.020	0.000	0.000	1	0	0	0.000	0	0	0	0	0	0	0	0	0	0	1	1	0	0	0	0	0	634	247.210	435.240	422.900	383.650	247.210	12	-1.000	548.240	803.950	549.040	-1.000	435.870	435.240	422.900	383.650	701.100	270.330	247.210	558.190	737.580	-1.000	-1.000	-1.000
2026-05-18T21:37:27Z	134174.223	dumbdrive_drive	loop_tick	16	-4270.020	-2270.020	-320.020	1620.020	5543.907	Heading correction: forward | Running | Goals: 0	29.999	-104.400	-5670.200	-10075.700	1440.300	194.400	4.800	4.800	4.800	4.225	5.000	-1.700	0.000	0.000	5.000	40.000	-1.000	0	0	57	-627.943	1272.057	464.645	456.349	151.454	-320.020	1620.020	0.000	0.000	1	0	0	0.000	0	0	0	0	0	0	0	0	0	0	1	1	0	0	0	0	0	634	247.210	435.240	422.900	383.650	247.210	12	-1.000	548.240	803.950	549.040	-1.000	435.870	435.240	422.900	383.650	701.100	270.330	247.210	558.190	737.580	-1.000	-1.000	-1.000
2026-05-18T21:37:27Z	134174.444	dumbdrive_drive	loop_tick	17	-4270.020	-2270.020	-430.029	1490.039	5374.343	Running | Goals: 0	49.994	-123.500	-5671.300	-10077.000	1440.500	213.500	8.000	8.000	5.600	4.800	5.400	-0.900	0.400	0.800	5.400	10.000	-0.401	0	0	58	-783.607	1166.393	479.337	457.626	322.909	-430.029	1490.039	0.000	170.285	1	0	0	0.000	0	0	0	0	0	0	0	0	0	0	0	1	0	0	0	0	0	613	221.370	436.640	439.570	380.110	221.370	13	-1.000	555.240	636.350	544.310	-1.000	439.570	436.640	443.750	380.110	747.030	245.190	221.370	536.680	-1.000	631.560	-1.000	957.690
2026-05-18T21:37:27Z	134174.665	dumbdrive_drive	loop_tick	18	-4270.020	-2270.020	-430.029	1490.039	5374.343	Running | Goals: 0	49.994	-123.500	-5671.300	-10077.000	1440.500	213.500	8.000	8.000	6.400	5.600	5.400	-0.900	0.000	0.000	5.400	10.000	-0.401	0	0	58	-783.607	1166.393	479.337	458.769	322.909	-430.029	1490.039	0.000	0.000	1	0	0	0.000	0	0	0	0	0	0	0	0	0	0	0	1	0	0	0	0	0	613	221.370	436.640	439.570	380.110	221.370	13	-1.000	555.240	636.350	544.310	-1.000	439.570	436.640	443.750	380.110	747.030	245.190	221.370	536.680	-1.000	631.560	-1.000	957.690
2026-05-18T21:37:27Z	134174.893	dumbdrive_drive	loop_tick	19	-4270.020	-2270.020	-430.029	1490.039	5374.343	Running | Goals: 0	49.994	-123.500	-5671.300	-10077.000	1440.500	213.500	8.000	8.000	7.200	6.400	5.400	-0.900	0.000	0.000	5.400	10.000	-0.401	0	0	58	-783.607	1166.393	479.337	459.797	322.909	-430.029	1490.039	0.000	0.000	1	0	0	0.000	0	0	0	0	0	0	0	0	0	0	0	1	0	0	0	0	0	613	221.370	436.640	439.570	380.110	221.370	13	-1.000	555.240	636.350	544.310	-1.000	439.570	436.640	443.750	380.110	747.030	245.190	221.370	536.680	-1.000	631.560	-1.000	957.690
2026-05-18T21:37:28Z	134175.116	dumbdrive_drive	loop_tick	20	-4270.020	-2270.020	-430.029	1490.039	5374.343	Running | Goals: 0	49.994	-123.500	-5671.300	-10077.000	1440.500	213.500	8.000	8.000	8.000	7.200	5.400	-0.900	0.000	0.000	5.400	10.000	-0.401	0	0	58	-783.607	1166.393	479.337	460.728	322.909	-430.029	1490.039	0.000	0.000	1	0	0	0.000	0	0	0	0	0	0	0	0	0	0	0	1	0	0	0	0	0	613	221.370	436.640	439.570	380.110	221.370	13	-1.000	555.240	636.350	544.310	-1.000	439.570	436.640	443.750	380.110	747.030	245.190	221.370	536.680	-1.000	631.560	-1.000	957.690
2026-05-18T21:37:28Z	134175.346	dumbdrive_drive	loop_tick	21	-4270.020	-2270.020	-430.029	1490.039	5374.343	Running | Goals: 0	49.994	-123.500	-5671.300	-10077.000	1440.500	213.500	8.000	8.000	8.000	8.000	5.400	-0.900	0.000	0.000	5.400	10.000	-0.401	0	0	58	-783.607	1166.393	479.337	461.573	322.909	-430.029	1490.039	0.000	0.000	1	0	0	0.000	0	0	0	0	0	0	0	0	0	0	0	1	0	0	0	0	0	613	221.370	436.640	439.570	380.110	221.370	13	-1.000	555.240	636.350	544.310	-1.000	439.570	436.640	443.750	380.110	747.030	245.190	221.370	536.680	-1.000	631.560	-1.000	957.690
2026-05-18T21:37:28Z	134175.573	dumbdrive_drive	loop_tick	22	-4270.020	-2270.020	-600.000	1329.980	5140.919	Running | Goals: 0	70.001	-134.400	-5673.000	-10078.601	1440.700	224.400	9.200	9.200	8.300	8.000	4.400	1.000	-1.000	1.900	4.400	20.000	-0.068	0	0	57	-930.548	1019.452	453.530	461.224	557.236	-600.000	1329.980	0.000	233.471	1	0	0	0.000	0	0	0	0	0	0	0	0	0	0	0	1	0	0	0	0	0	589	281.080	350.580	403.000	350.580	281.080	12	-1.000	502.000	-1.000	-1.000	409.940	407.660	413.100	403.000	429.050	633.510	288.090	281.080	706.230	-1.000	359.940	-1.000	350.580
2026-05-18T21:37:28Z	134175.801	dumbdrive_drive	loop_tick	23	-4270.020	-2270.020	-600.000	1329.980	5140.919	Running | Goals: 0	70.001	-134.400	-5673.000	-10078.601	1440.700	224.400	9.200	9.200	8.600	8.300	4.400	1.000	0.000	0.000	4.400	20.000	-0.068	0	0	57	-930.548	1019.452	453.530	460.903	557.236	-600.000	1329.980	0.000	0.000	1	0	0	0.000	1	0	0	0	0	0	0	0	0	0	0	1	0	0	0	0	0	589	281.080	350.580	403.000	350.580	281.080	12	-1.000	502.000	-1.000	-1.000	409.940	407.660	413.100	403.000	429.050	633.510	288.090	281.080	706.230	-1.000	359.940	-1.000	350.580
2026-05-18T21:37:29Z	134176.028	dumbdrive_drive	loop_tick	24	-4270.020	-2270.020	-600.000	1329.980	5140.919	Running | Goals: 0	70.001	-134.400	-5673.000	-10078.601	1440.700	224.400	9.200	9.200	8.900	8.600	4.400	1.000	0.000	0.000	4.400	20.000	-0.068	0	0	57	-930.548	1019.452	453.530	460.608	557.236	-600.000	1329.980	0.000	0.000	1	0	0	0.000	1	0	0	0	0	0	0	0	0	0	0	1	0	0	0	0	0	589	281.080	350.580	403.000	350.580	281.080	12	-1.000	502.000	-1.000	-1.000	409.940	407.660	413.100	403.000	429.050	633.510	288.090	281.080	706.230	-1.000	359.940	-1.000	350.580
2026-05-18T21:37:29Z	134176.252	dumbdrive_drive	loop_tick	25	-4270.020	-2270.020	-600.000	1329.980	5140.919	Running | Goals: 0	70.001	-134.400	-5673.000	-10078.601	1440.700	224.400	9.200	9.200	9.200	8.900	4.400	1.000	0.000	0.000	4.400	20.000	-0.068	0	0	57	-930.548	1019.452	453.530	460.336	557.236	-600.000	1329.980	0.000	0.000	1	0	0	0.000	1	0	0	0	0	0	0	0	0	0	0	1	0	0	0	0	0	589	281.080	350.580	403.000	350.580	281.080	12	-1.000	502.000	-1.000	-1.000	409.940	407.660	413.100	403.000	429.050	633.510	288.090	281.080	706.230	-1.000	359.940	-1.000	350.580
2026-05-18T21:37:29Z	134176.478	dumbdrive_drive	loop_tick	26	-4270.020	-2270.020	-780.029	1179.980	4907.396	Running | Goals: 0	79.999	-138.400	-5674.800	-10080.101	1440.800	228.400	9.300	9.300	9.225	9.200	4.700	0.700	0.300	-0.300	4.700	20.000	0.000	0	0	57	-1127.961	872.039	464.634	460.495	791.779	-780.029	1179.980	0.000	234.330	1	0	0	0.000	1	0	0	0	0	0	0	0	0	0	0	1	0	0	0	0	0	560	80.560	80.560	414.940	80.560	267.050	12	-1.000	521.700	-1.000	530.100	80.560	418.880	420.260	414.940	414.210	673.890	272.750	267.050	674.410	-1.000	-1.000	-1.000	90.730
2026-05-18T21:37:29Z	134176.699	dumbdrive_drive	loop_tick	27	-4270.020	-2270.020	-780.029	1179.980	4907.396	Running | Goals: 0	79.999	-138.400	-5674.800	-10080.101	1440.800	228.400	9.300	9.300	9.250	9.225	4.700	0.700	0.000	0.000	4.700	20.000	0.000	0	0	57	-1127.961	872.039	464.634	460.643	791.779	-780.029	1179.980	0.000	0.000	1	0	0	0.000	1	0	0	0	0	0	0	0	0	0	0	1	0	0	0	0	0	560	80.560	80.560	414.940	80.560	267.050	12	-1.000	521.700	-1.000	530.100	80.560	418.880	420.260	414.940	414.210	673.890	272.750	267.050	674.410	-1.000	-1.000	-1.000	90.730
2026-05-18T21:37:29Z	134176.921	dumbdrive_drive	loop_tick	28	-4270.020	-2270.020	-780.029	1179.980	4907.396	Running | Goals: 0	79.999	-138.400	-5674.800	-10080.101	1440.800	228.400	9.300	9.300	9.275	9.250	4.700	0.700	0.000	0.000	4.700	20.000	0.000	0	0	57	-1127.961	872.039	464.634	460.781	791.779	-780.029	1179.980	0.000	0.000	1	0	0	0.000	1	0	0	0	0	0	0	0	0	0	0	1	0	0	0	0	0	560	80.560	80.560	414.940	80.560	267.050	12	-1.000	521.700	-1.000	530.100	80.560	418.880	420.260	414.940	414.210	673.890	272.750	267.050	674.410	-1.000	-1.000	-1.000	90.730
2026-05-18T21:37:30Z	134177.140	dumbdrive_drive	loop_tick	29	-4270.020	-2270.020	-780.029	1179.980	4907.396	Running | Goals: 0	79.999	-138.400	-5674.800	-10080.101	1440.800	228.400	9.300	9.300	9.300	9.275	4.700	0.700	0.000	0.000	4.700	20.000	0.000	0	0	57	-1127.961	872.039	464.634	460.909	791.779	-780.029	1179.980	0.000	0.000	1	0	0	0.000	1	0	0	0	0	0	0	0	0	0	0	1	0	0	0	0	0	560	80.560	80.560	414.940	80.560	267.050	12	-1.000	521.700	-1.000	530.100	80.560	418.880	420.260	414.940	414.210	673.890	272.750	267.050	674.410	-1.000	-1.000	-1.000	90.730
2026-05-18T21:37:30Z	134177.361	dumbdrive_drive	loop_tick	30	-4270.020	-2270.020	-780.029	1179.980	4907.396	Running | Goals: 0	79.999	-138.400	-5674.800	-10080.101	1440.800	228.400	9.300	9.300	9.300	9.300	4.700	0.700	0.000	0.000	4.700	20.000	0.000	0	0	57	-1127.961	872.039	464.634	461.029	791.779	-780.029	1179.980	0.000	0.000	1	0	0	0.000	1	0	0	0	0	0	0	0	0	0	0	1	0	0	0	0	0	560	80.560	80.560	414.940	80.560	267.050	12	-1.000	521.700	-1.000	530.100	80.560	418.880	420.260	414.940	414.210	673.890	272.750	267.050	674.410	-1.000	-1.000	-1.000	90.730
2026-05-18T21:37:30Z	134177.583	dumbdrive_drive	loop_tick	31	-4270.020	-2270.020	-970.020	1010.058	4652.839	Running | Goals: 0	99.994	-139.400	-5676.700	-10081.800	1441.000	229.400	10.600	10.600	9.625	9.300	5.100	0.600	0.400	-0.100	5.100	20.000	0.201	0	0	57	-1280.534	669.466	460.894	461.025	1047.454	-970.020	1010.058	0.000	254.892	1	0	0	0.000	1	0	0	0	0	0	0	0	0	0	0	1	0	0	0	0	0	533	250.240	434.020	418.070	413.680	250.240	9	-1.000	-1.000	-1.000	547.920	-1.000	434.020	434.680	418.070	413.680	692.950	257.640	250.240	664.080	-1.000	-1.000	-1.000	-1.000
2026-05-18T21:37:30Z	134177.809	dumbdrive_drive	loop_tick	32	-4270.020	-2270.020	-970.020	1010.058	4652.839	Running | Goals: 0	99.994	-139.400	-5676.700	-10081.800	1441.000	229.400	10.600	10.600	9.950	9.625	5.100	0.600	0.000	0.000	5.100	20.000	0.201	0	0	57	-1280.534	669.466	460.894	461.021	1047.454	-970.020	1010.058	0.000	0.000	1	0	0	0.000	1	0	0	0	0	0	0	0	0	0	0	1	0	0	0	0	0	533	250.240	434.020	418.070	413.680	250.240	9	-1.000	-1.000	-1.000	547.920	-1.000	434.020	434.680	418.070	413.680	692.950	257.640	250.240	664.080	-1.000	-1.000	-1.000	-1.000
2026-05-18T21:37:31Z	134178.035	dumbdrive_drive	loop_tick	33	-4270.020	-2270.020	-970.020	1010.058	4652.839	Running | Goals: 0	99.994	-139.400	-5676.700	-10081.800	1441.000	229.400	10.600	10.600	10.275	9.950	5.100	0.600	0.000	0.000	5.100	20.000	0.201	0	0	57	-1280.534	669.466	460.894	461.017	1047.454	-970.020	1010.058	0.000	0.000	1	0	0	0.000	1	0	0	0	0	0	0	0	0	0	0	1	0	0	0	0	0	533	250.240	434.020	418.070	413.680	250.240	9	-1.000	-1.000	-1.000	547.920	-1.000	434.020	434.680	418.070	413.680	692.950	257.640	250.240	664.080	-1.000	-1.000	-1.000	-1.000
2026-05-18T21:37:31Z	134178.263	dumbdrive_drive	loop_tick	34	-4270.020	-2270.020	-970.020	1010.058	4652.839	Running | Goals: 0	99.994	-139.400	-5676.700	-10081.800	1441.000	229.400	10.600	10.600	10.600	10.275	5.100	0.600	0.000	0.000	5.100	20.000	0.201	0	0	57	-1280.534	669.466	460.894	461.014	1047.454	-970.020	1010.058	0.000	0.000	1	0	0	0.000	1	0	0	0	0	0	0	0	0	0	0	1	0	0	0	0	0	533	250.240	434.020	418.070	413.680	250.240	9	-1.000	-1.000	-1.000	547.920	-1.000	434.020	434.680	418.070	413.680	692.950	257.640	250.240	664.080	-1.000	-1.000	-1.000	-1.000
2026-05-18T21:37:31Z	134178.488	dumbdrive_drive	loop_tick	35	-4270.020	-2270.020	-1180.029	829.980	4376.990	Running | Goals: 0	129.999	-138.700	-5678.800	-10083.601	1441.300	228.700	10.900	10.900	10.675	10.600	4.300	0.600	-0.800	0.000	4.300	20.000	0.000	0	0	57	-1527.961	522.039	464.634	461.114	1325.721	-1180.029	829.980	0.000	276.645	1	0	0	0.000	1	0	0	0	0	0	0	0	0	0	0	1	0	0	0	0	0	501	46.540	412.210	409.740	46.540	297.670	10	-1.000	515.990	-1.000	517.230	-1.000	412.210	412.830	409.740	46.540	685.100	301.990	297.670	740.860	-1.000	-1.000	-1.000	-1.000
2026-05-18T21:37:31Z	134178.715	dumbdrive_drive	loop_tick	36	-4270.020	-2270.020	-1180.029	829.980	4376.990	Running | Goals: 0	129.999	-138.700	-5678.800	-10083.601	1441.300	228.700	10.900	10.900	10.750	10.675	4.300	0.600	0.000	0.000	4.300	20.000	0.000	0	0	57	-1527.961	522.039	464.634	461.209	1325.721	-1180.029	829.980	0.000	0.000	1	0	0	0.000	1	0	0	0	0	0	0	0	0	0	0	1	0	0	0	0	0	501	46.540	412.210	409.740	46.540	297.670	10	-1.000	515.990	-1.000	517.230	-1.000	412.210	412.830	409.740	46.540	685.100	301.990	297.670	740.860	-1.000	-1.000	-1.000	-1.000
2026-05-18T21:37:31Z	134178.946	dumbdrive_drive	loop_tick	37	-4270.020	-2270.020	-1180.029	829.980	4376.990	Running | Goals: 0	129.999	-138.700	-5678.800	-10083.601	1441.300	228.700	10.900	10.900	10.825	10.750	4.300	0.600	0.000	0.000	4.300	20.000	0.000	0	0	57	-1527.961	522.039	464.634	461.299	1325.721	-1180.029	829.980	0.000	0.000	1	0	0	0.000	1	0	0	0	0	0	0	0	0	0	0	1	0	0	0	0	0	501	46.540	412.210	409.740	46.540	297.670	10	-1.000	515.990	-1.000	517.230	-1.000	412.210	412.830	409.740	46.540	685.100	301.990	297.670	740.860	-1.000	-1.000	-1.000	-1.000
2026-05-18T21:37:32Z	134179.174	dumbdrive_drive	loop_tick	38	-4270.020	-2270.020	-1180.029	829.980	4376.990	Running | Goals: 0	129.999	-138.700	-5678.800	-10083.601	1441.300	228.700	10.900	10.900	10.900	10.825	4.300	0.600	0.000	0.000	4.300	20.000	0.000	0	0	57	-1527.961	522.039	464.634	461.385	1325.721	-1180.029	829.980	0.000	0.000	1	0	0	0.000	1	0	0	0	0	0	0	0	0	0	0	1	0	0	0	0	0	501	46.540	412.210	409.740	46.540	297.670	10	-1.000	515.990	-1.000	517.230	-1.000	412.210	412.830	409.740	46.540	685.100	301.990	297.670	740.860	-1.000	-1.000	-1.000	-1.000
2026-05-18T21:37:32Z	134179.411	dumbdrive_drive	loop_tick	39	-4270.020	-2270.020	-1389.990	640.039	4094.265	Running | Goals: 0	149.994	-138.200	-5680.900	-10085.500	1441.500	228.200	11.100	11.100	10.950	10.900	4.400	0.500	0.100	-0.100	4.400	20.000	0.000	0	0	57	-1737.425	312.575	477.435	461.786	1609.554	-1389.990	640.039	0.000	283.128	1	0	0	0.000	1	0	0	0	0	0	0	0	0	0	0	1	0	0	0	0	0	468	78.530	417.700	417.340	78.530	78.530	8	-1.000	-1.000	-1.000	527.940	-1.000	417.700	418.000	417.340	416.960	-1.000	281.230	282.060	78.530	-1.000	-1.000	-1.000	-1.000
2026-05-18T21:37:32Z	134179.640	dumbdrive_drive	loop_tick	40	-4270.020	-2270.020	-1389.990	640.039	4094.265	Running | Goals: 0	149.994	-138.200	-5680.900	-10085.500	1441.500	228.200	11.100	11.100	11.000	10.950	4.400	0.500	0.000	0.000	4.400	20.000	0.000	0	0	57	-1737.425	312.575	477.435	462.168	1609.554	-1389.990	640.039	0.000	0.000	1	0	0	0.000	1	0	0	0	0	0	0	0	0	0	0	1	0	0	0	0	0	468	78.530	417.700	417.340	78.530	78.530	8	-1.000	-1.000	-1.000	527.940	-1.000	417.700	418.000	417.340	416.960	-1.000	281.230	282.060	78.530	-1.000	-1.000	-1.000	-1.000
2026-05-18T21:37:32Z	134179.862	dumbdrive_drive	loop_tick	41	-4270.020	-2270.020	-1389.990	640.039	4094.265	Running | Goals: 0	149.994	-138.200	-5680.900	-10085.500	1441.500	228.200	11.100	11.100	11.050	11.000	4.400	0.500	0.000	0.000	4.400	20.000	0.000	0	0	57	-1737.425	312.575	477.435	462.531	1609.554	-1389.990	640.039	0.000	0.000	1	0	0	0.000	1	0	0	0	0	0	0	0	0	0	0	1	0	0	0	0	0	468	78.530	417.700	417.340	78.530	78.530	8	-1.000	-1.000	-1.000	527.940	-1.000	417.700	418.000	417.340	416.960	-1.000	281.230	282.060	78.530	-1.000	-1.000	-1.000	-1.000
2026-05-18T21:37:33Z	134180.090	dumbdrive_drive	loop_tick	42	-4270.020	-2270.020	-1389.990	640.039	4094.265	Running | Goals: 0	149.994	-138.200	-5680.900	-10085.500	1441.500	228.200	11.100	11.100	11.100	11.050	4.400	0.500	0.000	0.000	4.400	20.000	0.000	0	0	57	-1737.425	312.575	477.435	462.878	1609.554	-1389.990	640.039	0.000	0.000	1	0	0	0.000	1	0	0	0	0	0	0	0	0	0	0	1	0	0	0	0	0	468	78.530	417.700	417.340	78.530	78.530	8	-1.000	-1.000	-1.000	527.940	-1.000	417.700	418.000	417.340	416.960	-1.000	281.230	282.060	78.530	-1.000	-1.000	-1.000	-1.000
2026-05-18T21:37:33Z	134180.317	dumbdrive_drive	loop_tick	43	-4270.020	-2270.020	-1389.990	640.039	4094.265	Running | Goals: 0	149.994	-138.200	-5680.900	-10085.500	1441.500	228.200	11.100	11.100	11.100	11.100	4.400	0.500	0.000	0.000	4.400	20.000	0.000	0	0	57	-1737.425	312.575	477.435	463.209	1609.554	-1389.990	640.039	0.000	0.000	1	0	0	0.000	1	0	0	0	0	0	0	0	0	0	0	1	0	0	0	0	0	468	78.530	417.700	417.340	78.530	78.530	8	-1.000	-1.000	-1.000	527.940	-1.000	417.700	418.000	417.340	416.960	-1.000	281.230	282.060	78.530	-1.000	-1.000	-1.000	-1.000
2026-05-18T21:37:33Z	134180.547	dumbdrive_drive	loop_tick	44	-4270.020	-2270.020	-1610.010	450.000	3804.492	Running | Goals: 0	170.001	-138.200	-5683.100	-10087.400	1441.700	228.200	11.000	11.000	11.075	11.100	4.400	0.500	0.000	0.000	4.400	20.000	0.116	0	0	57	-1937.403	112.596	470.136	463.363	1900.971	-1610.010	450.000	0.000	290.729	1	0	0	0.000	1	0	0	0	0	0	0	0	0	0	0	1	0	0	0	0	0	436	277.680	422.300	422.300	424.510	277.680	10	-1.000	538.810	-1.000	536.140	-1.000	422.300	424.510	425.370	429.600	728.480	277.680	278.330	559.490	-1.000	-1.000	-1.000	-1.000
2026-05-18T21:37:33Z	134180.769	dumbdrive_drive	loop_tick	45	-4270.020	-2270.020	-1610.010	450.000	3804.492	Running | Goals: 0	170.001	-138.200	-5683.100	-10087.400	1441.700	228.200	11.000	11.000	11.050	11.075	4.400	0.500	0.000	0.000	4.400	20.000	0.116	0	0	57	-1937.403	112.596	470.136	463.510	1900.971	-1610.010	450.000	0.000	0.000	1	1	0	0.000	1	0	0	0	0	0	0	0	0	0	0	0	0	0	0	0	0	436	277.680	422.300	422.300	424.510	277.680	10	-1.000	538.810	-1.000	536.140	-1.000	422.300	424.510	425.370	429.600	728.480	277.680	278.330	559.490	-1.000	-1.000	-1.000	-1.000
2026-05-18T21:37:33Z	134180.991	dumbdrive_drive	loop_tick	46	-4270.020	-2270.020	-1610.010	450.000	3804.492	Running | Goals: 0	170.001	-138.200	-5683.100	-10087.400	1441.700	228.200	11.000	11.000	11.025	11.050	4.400	0.500	0.000	0.000	4.400	20.000	0.116	0	0	57	-1937.403	112.596	470.136	463.651	1900.971	-1610.010	450.000	0.000	0.000	1	1	0	0.000	1	0	0	0	0	0	0	0	0	0	0	0	0	0	0	0	0	436	277.680	422.300	422.300	424.510	277.680	10	-1.000	538.810	-1.000	536.140	-1.000	422.300	424.510	425.370	429.600	728.480	277.680	278.330	559.490	-1.000	-1.000	-1.000	-1.000
2026-05-18T21:37:34Z	134181.221	dumbdrive_drive	loop_tick	47	-4270.020	-2270.020	-1610.010	450.000	3804.492	Running | Goals: 0	170.001	-138.200	-5683.100	-10087.400	1441.700	228.200	11.000	11.000	11.000	11.025	4.400	0.500	0.000	0.000	4.400	20.000	0.116	0	0	57	-1937.403	112.596	470.136	463.786	1900.971	-1610.010	450.000	0.000	0.000	1	1	0	0.000	1	0	0	0	0	0	0	0	0	0	0	0	0	0	0	0	0	436	277.680	422.300	422.300	424.510	277.680	10	-1.000	538.810	-1.000	536.140	-1.000	422.300	424.510	425.370	429.600	728.480	277.680	278.330	559.490	-1.000	-1.000	-1.000	-1.000
2026-05-18T21:37:34Z	134181.449	dumbdrive_drive	loop_tick	48	-4270.020	-2270.020	-1810.010	260.058	3528.873	Running | Goals: 0	189.996	-137.900	-5685.100	-10089.300	1441.900	227.900	11.000	11.000	11.000	11.000	4.300	0.500	-0.100	0.000	4.300	20.000	0.132	0	0	57	-2137.381	-87.382	477.375	464.063	2177.516	-1810.010	260.058	0.000	275.822	1	1	0	0.000	1	0	0	0	0	0	0	0	0	0	0	0	0	0	0	0	0	404	286.560	436.980	428.750	432.370	286.560	10	-1.000	568.100	-1.000	560.780	-1.000	447.740	436.980	428.750	432.370	726.090	286.560	286.650	752.310	-1.000	-1.000	-1.000	-1.000
2026-05-18T21:37:34Z	134181.673	dumbdrive_drive	loop_tick	49	-4270.020	-2270.020	-1810.010	260.058	3528.873	Running | Goals: 0	189.996	-137.900	-5685.100	-10089.300	1441.900	227.900	11.000	11.000	11.000	11.000	4.300	0.500	0.000	0.000	4.300	20.000	0.132	0	0	57	-2137.381	-87.382	477.375	464.330	2177.516	-1810.010	260.058	0.000	0.000	1	1	0	0.000	1	0	0	0	0	0	0	0	0	0	0	0	0	0	0	0	0	404	286.560	436.980	428.750	432.370	286.560	10	-1.000	568.100	-1.000	560.780	-1.000	447.740	436.980	428.750	432.370	726.090	286.560	286.650	752.310	-1.000	-1.000	-1.000	-1.000
2026-05-18T21:37:34Z	134181.904	dumbdrive_drive	loop_tick	50	-4270.020	-2270.020	-1810.010	260.058	3528.873	Running | Goals: 0	189.996	-137.900	-5685.100	-10089.300	1441.900	227.900	11.000	11.000	11.000	11.000	4.300	0.500	0.000	0.000	4.300	20.000	0.132	0	0	57	-2137.381	-87.382	477.375	464.585	2177.516	-1810.010	260.058	0.000	0.000	1	1	0	0.000	1	0	0	0	0	0	0	0	0	0	0	0	0	0	0	0	0	404	286.560	436.980	428.750	432.370	286.560	10	-1.000	568.100	-1.000	560.780	-1.000	447.740	436.980	428.750	432.370	726.090	286.560	286.650	752.310	-1.000	-1.000	-1.000	-1.000
2026-05-18T21:37:35Z	134182.132	dumbdrive_drive	loop_tick	51	-4270.020	-2270.020	-1810.010	260.058	3528.873	Running | Goals: 0	189.996	-137.900	-5685.100	-10089.300	1441.900	227.900	11.000	11.000	11.000	11.000	4.300	0.500	0.000	0.000	4.300	20.000	0.132	0	0	57	-2137.381	-87.382	477.375	464.831	2177.516	-1810.010	260.058	0.000	0.000	1	1	0	0.000	1	0	0	0	0	0	0	0	0	0	0	0	0	0	0	0	0	404	286.560	436.980	428.750	432.370	286.560	10	-1.000	568.100	-1.000	560.780	-1.000	447.740	436.980	428.750	432.370	726.090	286.560	286.650	752.310	-1.000	-1.000	-1.000	-1.000
2026-05-18T21:37:35Z	134182.362	dumbdrive_drive	loop_tick	52	-4270.020	-2270.020	-1810.010	260.058	3528.873	Running | Goals: 0	189.996	-137.900	-5685.100	-10089.300	1441.900	227.900	11.000	11.000	11.000	11.000	4.300	0.500	0.000	0.000	4.300	20.000	0.132	0	0	57	-2137.381	-87.382	477.375	465.068	2177.516	-1810.010	260.058	0.000	0.000	1	1	0	0.000	1	0	0	0	0	0	0	0	0	0	0	0	0	0	0	0	0	404	286.560	436.980	428.750	432.370	286.560	10	-1.000	568.100	-1.000	560.780	-1.000	447.740	436.980	428.750	432.370	726.090	286.560	286.650	752.310	-1.000	-1.000	-1.000	-1.000
2026-05-18T21:37:35Z	134182.590	dumbdrive_drive	loop_tick	53	-4270.020	-2270.020	-2020.020	70.020	3246.272	Running | Goals: 0	209.992	-137.400	-5687.200	-10091.200	1442.100	227.400	11.000	11.000	11.000	11.000	4.000	0.300	-0.300	-0.200	4.000	20.000	0.168	0	0	57	-2327.943	-277.943	464.645	465.060	2461.451	-2020.020	70.020	0.000	283.229	1	1	0	0.000	1	0	0	0	0	0	0	0	0	0	0	0	0	0	0	0	0	373	292.710	473.360	436.140	434.620	292.710	11	-1.000	620.930	-1.000	627.460	-1.000	473.360	476.910	436.140	434.620	771.770	293.630	292.710	772.980	894.050	-1.000	-1.000	-1.000
2026-05-18T21:37:35Z	134182.820	dumbdrive_drive	loop_tick	54	-4270.020	-2270.020	-2020.020	70.020	3246.272	Running | Goals: 0	209.992	-137.400	-5687.200	-10091.200	1442.100	227.400	11.000	11.000	11.000	11.000	4.000	0.300	0.000	0.000	4.000	20.000	0.168	0	0	57	-2327.943	-277.943	464.645	465.053	2461.451	-2020.020	70.020	0.000	0.000	1	1	0	0.000	1	0	0	0	0	0	0	0	0	0	0	0	0	0	0	0	0	373	292.710	473.360	436.140	434.620	292.710	11	-1.000	620.930	-1.000	627.460	-1.000	473.360	476.910	436.140	434.620	771.770	293.630	292.710	772.980	894.050	-1.000	-1.000	-1.000
2026-05-18T21:37:36Z	134183.047	dumbdrive_drive	loop_tick	55	-4270.020	-2270.020	-2020.020	70.020	3246.272	Running | Goals: 0	209.992	-137.400	-5687.200	-10091.200	1442.100	227.400	11.000	11.000	11.000	11.000	4.000	0.300	0.000	0.000	4.000	20.000	0.168	0	0	57	-2327.943	-277.943	464.645	465.045	2461.451	-2020.020	70.020	0.000	0.000	1	1	0	0.000	1	0	0	0	0	0	0	0	0	0	0	0	0	0	0	0	0	373	292.710	473.360	436.140	434.620	292.710	11	-1.000	620.930	-1.000	627.460	-1.000	473.360	476.910	436.140	434.620	771.770	293.630	292.710	772.980	894.050	-1.000	-1.000	-1.000
2026-05-18T21:37:36Z	134183.277	dumbdrive_drive	loop_tick	56	-4270.020	-2270.020	-2020.020	70.020	3246.272	Running | Goals: 0	209.992	-137.400	-5687.200	-10091.200	1442.100	227.400	11.000	11.000	11.000	11.000	4.000	0.300	0.000	0.000	4.000	20.000	0.168	0	0	57	-2327.943	-277.943	464.645	465.038	2461.451	-2020.020	70.020	0.000	0.000	1	1	0	0.000	1	0	0	0	0	0	0	0	0	0	0	0	0	0	0	0	0	373	292.710	473.360	436.140	434.620	292.710	11	-1.000	620.930	-1.000	627.460	-1.000	473.360	476.910	436.140	434.620	771.770	293.630	292.710	772.980	894.050	-1.000	-1.000	-1.000
2026-05-18T21:37:36Z	134183.507	dumbdrive_drive	loop_tick	57	-4270.020	-2270.020	-2230.029	-120.020	2963.791	Running | Goals: 0	229.999	-136.900	-5689.300	-10093.101	1442.300	226.900	11.000	11.000	11.000	11.000	2.600	1.100	-1.400	0.800	2.600	20.000	0.000	0	0	57	-2577.961	-427.961	464.634	465.031	2745.386	-2230.029	-120.020	0.000	283.230	1	1	0	0.000	1	0	0	0	0	0	0	0	0	0	0	0	0	0	0	0	0	343	356.580	469.500	400.870	476.160	356.580	10	-1.000	548.410	-1.000	625.140	-1.000	469.500	476.160	400.870	479.980	671.240	356.580	366.280	-1.000	558.930	-1.000	-1.000	-1.000
2026-05-18T21:37:36Z	134183.735	dumbdrive_drive	loop_tick	58	-4270.020	-2270.020	-2230.029	-120.020	2963.791	Running | Goals: 0	229.999	-136.900	-5689.300	-10093.101	1442.300	226.900	11.000	11.000	11.000	11.000	2.600	1.100	0.000	0.000	2.600	20.000	0.000	0	0	57	-2577.961	-427.961	464.634	465.025	2745.386	-2230.029	-120.020	0.000	0.000	1	1	0	0.000	1	0	0	0	0	0	0	0	0	0	0	0	0	0	0	0	0	343	356.580	469.500	400.870	476.160	356.580	10	-1.000	548.410	-1.000	625.140	-1.000	469.500	476.160	400.870	479.980	671.240	356.580	366.280	-1.000	558.930	-1.000	-1.000	-1.000
2026-05-18T21:37:36Z	134183.966	dumbdrive_drive	loop_tick	59	-4270.020	-2270.020	-2230.029	-120.020	2963.791	Running | Goals: 0	229.999	-136.900	-5689.300	-10093.101	1442.300	226.900	11.000	11.000	11.000	11.000	2.600	1.100	0.000	0.000	2.600	20.000	0.000	0	0	57	-2577.961	-427.961	464.634	465.018	2745.386	-2230.029	-120.020	0.000	0.000	1	1	0	0.000	1	0	0	0	0	0	0	0	0	0	0	0	0	0	0	0	0	343	356.580	469.500	400.870	476.160	356.580	10	-1.000	548.410	-1.000	625.140	-1.000	469.500	476.160	400.870	479.980	671.240	356.580	366.280	-1.000	558.930	-1.000	-1.000	-1.000
2026-05-18T21:37:37Z	134184.195	dumbdrive_drive	loop_tick	60	-4270.020	-2270.020	-2230.029	-120.020	2963.791	Running | Goals: 0	229.999	-136.900	-5689.300	-10093.101	1442.300	226.900	11.000	11.000	11.000	11.000	2.600	1.100	0.000	0.000	2.600	20.000	0.000	0	0	57	-2577.961	-427.961	464.634	465.012	2745.386	-2230.029	-120.020	0.000	0.000	1	1	0	0.000	1	0	0	0	0	0	0	0	0	0	0	0	0	0	0	0	0	343	356.580	469.500	400.870	476.160	356.580	10	-1.000	548.410	-1.000	625.140	-1.000	469.500	476.160	400.870	479.980	671.240	356.580	366.280	-1.000	558.930	-1.000	-1.000	-1.000
2026-05-18T21:37:37Z	134184.425	dumbdrive_drive	loop_tick	61	-4270.020	-2270.020	-2420.020	-309.961	2695.242	Running | Goals: 0	229.999	-136.700	-5691.200	-10095.000	1442.300	226.700	11.100	11.100	11.025	11.000	1.200	1.500	-1.400	0.400	1.500	20.000	0.075	0	0	57	-2727.979	-627.979	442.690	464.652	3014.038	-2420.020	-309.961	0.000	268.652	1	1	0	0.000	1	0	0	0	0	0	0	0	0	0	0	0	0	0	0	0	0	314	293.960	293.960	293.960	457.010	402.590	11	-1.000	306.270	-1.000	591.930	-1.000	412.240	457.010	379.760	495.830	623.250	402.590	421.800	-1.000	293.960	-1.000	335.930	-1.000
2026-05-18T21:37:37Z	134184.651	dumbdrive_drive	loop_tick	62	-4270.020	-2270.020	-2420.020	-309.961	2695.242	Running | Goals: 0	229.999	-136.700	-5691.200	-10095.000	1442.300	226.700	11.100	11.100	11.050	11.025	1.200	1.500	0.000	0.000	1.500	20.000	0.075	0	0	57	-2727.979	-627.979	442.690	464.303	3014.038	-2420.020	-309.961	0.000	0.000	1	1	0	0.000	1	0	0	0	0	0	0	0	0	0	0	0	0	0	0	0	0	314	293.960	293.960	293.960	457.010	402.590	11	-1.000	306.270	-1.000	591.930	-1.000	412.240	457.010	379.760	495.830	623.250	402.590	421.800	-1.000	293.960	-1.000	335.930	-1.000
2026-05-18T21:37:37Z	134184.878	dumbdrive_drive	loop_tick	63	-4270.020	-2270.020	-2420.020	-309.961	2695.242	Running | Goals: 0	229.999	-136.700	-5691.200	-10095.000	1442.300	226.700	11.100	11.100	11.075	11.050	1.200	1.500	0.000	0.000	1.500	20.000	0.075	0	0	57	-2727.979	-627.979	442.690	463.965	3014.038	-2420.020	-309.961	0.000	0.000	1	1	0	0.000	1	0	0	0	0	0	0	0	0	0	0	0	0	0	0	0	0	314	293.960	293.960	293.960	457.010	402.590	11	-1.000	306.270	-1.000	591.930	-1.000	412.240	457.010	379.760	495.830	623.250	402.590	421.800	-1.000	293.960	-1.000	335.930	-1.000
2026-05-18T21:37:38Z	134185.107	dumbdrive_drive	loop_tick	64	-4270.020	-2270.020	-2420.020	-309.961	2695.242	Running | Goals: 0	229.999	-136.700	-5691.200	-10095.000	1442.300	226.700	11.100	11.100	11.100	11.075	1.200	1.500	0.000	0.000	1.500	20.000	0.075	0	0	57	-2727.979	-627.979	442.690	463.638	3014.038	-2420.020	-309.961	0.000	0.000	1	1	0	0.000	1	0	0	0	0	0	0	0	0	0	0	0	0	0	0	0	0	314	293.960	293.960	293.960	457.010	402.590	11	-1.000	306.270	-1.000	591.930	-1.000	412.240	457.010	379.760	495.830	623.250	402.590	421.800	-1.000	293.960	-1.000	335.930	-1.000
2026-05-18T21:37:38Z	134185.335	dumbdrive_drive	loop_tick	65	-4270.020	-2270.020	-2420.020	-309.961	2695.242	Running | Goals: 0	229.999	-136.700	-5691.200	-10095.000	1442.300	226.700	11.100	11.100	11.100	11.100	1.200	1.500	0.000	0.000	1.500	20.000	0.075	0	0	57	-2727.979	-627.979	442.690	463.321	3014.038	-2420.020	-309.961	0.000	0.000	1	1	0	0.000	1	0	0	0	0	0	0	0	0	0	0	0	0	0	0	0	0	314	293.960	293.960	293.960	457.010	402.590	11	-1.000	306.270	-1.000	591.930	-1.000	412.240	457.010	379.760	495.830	623.250	402.590	421.800	-1.000	293.960	-1.000	335.930	-1.000
2026-05-18T21:37:38Z	134185.558	dumbdrive_drive	loop_tick	66	-4270.020	-2270.020	-2620.020	-489.942	2427.175	Running | Goals: 0	239.996	-136.700	-5693.200	-10096.800	1442.400	226.700	11.100	11.100	11.100	11.100	0.100	0.500	-1.100	-1.000	0.500	20.000	0.124	0	0	57	-2930.534	-830.534	460.894	463.285	3283.283	-2620.020	-489.942	0.000	269.059	1	1	0	0.000	1	0	0	0	0	0	0	0	0	0	0	0	0	0	0	0	0	282	38.570	38.570	38.570	212.840	388.550	13	44.570	38.820	-1.000	542.290	-1.000	38.570	212.840	416.840	440.570	713.090	388.550	397.980	-1.000	49.580	-1.000	40.230	760.740
2026-05-18T21:37:38Z	134185.784	dumbdrive_drive	loop_tick	67	-4270.020	-2270.020	-2620.020	-489.942	2427.175	Running | Goals: 0	239.996	-136.700	-5693.200	-10096.800	1442.400	226.700	11.100	11.100	11.100	11.100	0.100	0.500	0.000	0.000	0.500	20.000	0.124	0	0	57	-2930.534	-830.534	460.894	463.249	3283.283	-2620.020	-489.942	0.000	0.000	1	1	0	0.000	1	0	0	0	0	0	0	0	0	0	0	0	0	0	0	0	0	282	38.570	38.570	38.570	212.840	388.550	13	44.570	38.820	-1.000	542.290	-1.000	38.570	212.840	416.840	440.570	713.090	388.550	397.980	-1.000	49.580	-1.000	40.230	760.740
2026-05-18T21:37:39Z	134186.016	dumbdrive_drive	loop_tick	68	-4270.020	-2270.020	-2620.020	-489.942	2427.175	Running | Goals: 0	239.996	-136.700	-5693.200	-10096.800	1442.400	226.700	11.100	11.100	11.100	11.100	0.100	0.500	0.000	0.000	0.500	20.000	0.124	0	0	57	-2930.534	-830.534	460.894	463.215	3283.283	-2620.020	-489.942	0.000	0.000	1	1	0	0.000	1	0	0	0	0	0	0	0	0	0	0	0	0	0	0	0	0	282	38.570	38.570	38.570	212.840	388.550	13	44.570	38.820	-1.000	542.290	-1.000	38.570	212.840	416.840	440.570	713.090	388.550	397.980	-1.000	49.580	-1.000	40.230	760.740
2026-05-18T21:37:39Z	134186.239	dumbdrive_drive	loop_tick	69	-4270.020	-2270.020	-2620.020	-489.942	2427.175	Running | Goals: 0	239.996	-136.700	-5693.200	-10096.800	1442.400	226.700	11.100	11.100	11.100	11.100	0.100	0.500	0.000	0.000	0.500	20.000	0.124	0	0	57	-2930.534	-830.534	460.894	463.182	3283.283	-2620.020	-489.942	0.000	0.000	1	1	0	0.000	1	0	0	0	0	0	0	0	0	0	0	0	0	0	0	0	0	282	38.570	38.570	38.570	212.840	388.550	13	44.570	38.820	-1.000	542.290	-1.000	38.570	212.840	416.840	440.570	713.090	388.550	397.980	-1.000	49.580	-1.000	40.230	760.740
2026-05-18T21:37:39Z	134186.468	dumbdrive_drive	loop_tick	70	-4270.020	-2270.020	-2720.020	-609.961	2271.188	Running | Goals: 0	299.994	-137.100	-5694.200	-10098.000	1443.000	227.100	4.100	4.100	9.350	11.100	10.900	-10.300	10.800	-10.800	10.900	20.000	0.086	0	0	57	-3027.979	-927.979	442.690	462.893	3450.628	-2720.020	-609.961	0.000	156.220	1	1	0	0.000	1	0	0	0	0	0	0	0	0	0	0	0	0	0	0	0	0	266	98.280	895.850	895.850	217.710	98.280	5	-1.000	-1.000	-1.000	-1.000	-1.000	895.850	-1.000	-1.000	323.290	-1.000	180.960	98.280	217.710	-1.000	-1.000	-1.000	-1.000
2026-05-18T21:37:39Z	134186.686	dumbdrive_drive	loop_tick	71	-4270.020	-2270.020	-2720.020	-609.961	2271.188	Running | Goals: 0	299.994	-137.100	-5694.200	-10098.000	1443.000	227.100	4.100	4.100	7.600	9.350	10.900	-10.300	0.000	0.000	10.900	20.000	0.086	0	0	57	-3027.979	-927.979	442.690	462.613	3450.628	-2720.020	-609.961	0.000	0.000	1	1	0	0.000	1	0	0	0	0	0	0	0	0	0	0	0	0	0	0	0	0	266	98.280	895.850	895.850	217.710	98.280	5	-1.000	-1.000	-1.000	-1.000	-1.000	895.850	-1.000	-1.000	323.290	-1.000	180.960	98.280	217.710	-1.000	-1.000	-1.000	-1.000
2026-05-18T21:37:39Z	134186.915	dumbdrive_drive	loop_tick	72	-4270.020	-2270.020	-2720.020	-609.961	2271.188	Running | Goals: 0	299.994	-137.100	-5694.200	-10098.000	1443.000	227.100	4.100	4.100	5.850	7.600	10.900	-10.300	0.000	0.000	10.900	20.000	0.086	0	0	57	-3027.979	-927.979	442.690	462.340	3450.628	-2720.020	-609.961	0.000	0.000	1	1	0	0.000	1	0	0	0	0	0	0	0	0	0	0	0	0	0	0	0	0	266	98.280	895.850	895.850	217.710	98.280	5	-1.000	-1.000	-1.000	-1.000	-1.000	895.850	-1.000	-1.000	323.290	-1.000	180.960	98.280	217.710	-1.000	-1.000	-1.000	-1.000
2026-05-18T21:37:40Z	134187.140	dumbdrive_drive	loop_tick	73	-4270.020	-2270.020	-2720.020	-609.961	2271.188	Running | Goals: 0	299.994	-137.100	-5694.200	-10098.000	1443.000	227.100	4.100	4.100	4.100	5.850	10.900	-10.300	0.000	0.000	10.900	20.000	0.086	0	0	57	-3027.979	-927.979	442.690	462.074	3450.628	-2720.020	-609.961	0.000	0.000	1	1	0	0.000	1	0	0	0	0	0	0	0	0	0	0	0	0	0	0	0	0	266	98.280	895.850	895.850	217.710	98.280	5	-1.000	-1.000	-1.000	-1.000	-1.000	895.850	-1.000	-1.000	323.290	-1.000	180.960	98.280	217.710	-1.000	-1.000	-1.000	-1.000
2026-05-18T21:37:40Z	134187.367	dumbdrive_drive	loop_tick	74	-4270.020	-2270.020	-2789.990	-659.961	2186.956	Running | Goals: 0	309.992	-136.200	-5694.900	-10098.500	1443.100	226.200	4.100	4.100	4.100	4.100	18.200	-25.000	7.300	-14.700	25.000	20.000	0.000	0	0	57	-3137.425	-987.425	477.435	462.279	3537.207	-2789.990	-659.961	0.000	85.999	1	1	0	0.000	1	0	0	0	0	0	0	0	0	0	0	0	0	0	0	0	0	254	98.280	895.850	895.850	217.710	98.280	5	-1.000	-1.000	-1.000	-1.000	-1.000	895.850	-1.000	-1.000	323.290	-1.000	180.960	98.280	217.710	-1.000	-1.000	-1.000	-1.000
2026-05-18T21:37:40Z	134187.594	dumbdrive_drive	loop_tick	75	-4270.020	-2270.020	-2789.990	-659.961	2186.956	Running | Goals: 0	309.992	-136.200	-5694.900	-10098.500	1443.100	226.200	2.400	2.400	3.675	4.100	18.200	-25.000	0.000	0.000	25.000	20.000	0.000	0	0	57	-3137.425	-987.425	477.435	462.479	3537.207	-2789.990	-659.961	0.000	0.000	1	1	0	0.000	1	0	0	0	0	0	0	0	0	0	0	0	0	0	0	0	0	254	19.950			19.950	19.950	3	-1.000	-1.000	-1.000	-1.000	-1.000	-1.000	-1.000	-1.000	159.130	-1.000	106.870	-1.000	19.950	-1.000	-1.000	-1.000	-1.000
2026-05-18T21:37:40Z	134187.821	dumbdrive_drive	loop_tick	76	-4270.020	-2270.020	-2789.990	-659.961	2186.956	Running | Goals: 0	309.992	-136.200	-5694.900	-10098.500	1443.100	226.200	2.400	2.400	3.250	3.675	18.200	-25.000	0.000	0.000	25.000	20.000	0.000	0	0	57	-3137.425	-987.425	477.435	462.673	3537.207	-2789.990	-659.961	0.000	0.000	1	1	0	0.000	1	0	0	0	0	0	0	0	0	0	0	0	0	0	0	0	0	254	19.950			19.950	19.950	3	-1.000	-1.000	-1.000	-1.000	-1.000	-1.000	-1.000	-1.000	159.130	-1.000	106.870	-1.000	19.950	-1.000	-1.000	-1.000	-1.000
2026-05-18T21:37:41Z	134188.044	dumbdrive_drive	loop_tick	77	-4270.020	-2270.020	-2789.990	-659.961	2186.956	Running | Goals: 0	309.992	-136.200	-5694.900	-10098.500	1443.100	226.200	2.400	2.400	2.825	3.250	18.200	-25.000	0.000	0.000	25.000	20.000	0.000	0	0	57	-3137.425	-987.425	477.435	462.862	3537.207	-2789.990	-659.961	0.000	0.000	1	1	0	0.000	1	0	0	0	0	0	0	0	0	0	0	0	0	0	0	0	0	254	19.950			19.950	19.950	3	-1.000	-1.000	-1.000	-1.000	-1.000	-1.000	-1.000	-1.000	159.130	-1.000	106.870	-1.000	19.950	-1.000	-1.000	-1.000	-1.000
2026-05-18T21:37:41Z	134188.271	dumbdrive_drive	loop_tick	78	-4270.020	-2270.020	-2789.990	-659.961	2186.956	Running | Goals: 0	309.992	-136.200	-5694.900	-10098.500	1443.100	226.200	2.400	2.400	2.400	2.825	18.200	-25.000	0.000	0.000	25.000	20.000	0.000	0	0	57	-3137.425	-987.425	477.435	463.047	3537.207	-2789.990	-659.961	0.000	0.000	1	1	0	0.000	1	0	0	0	0	0	0	0	0	0	0	0	0	0	0	0	0	254	19.950			19.950	19.950	3	-1.000	-1.000	-1.000	-1.000	-1.000	-1.000	-1.000	-1.000	159.130	-1.000	106.870	-1.000	19.950	-1.000	-1.000	-1.000	-1.000
2026-05-18T21:37:41Z	134188.500	dumbdrive_drive	loop_tick	79	-4270.020	-2270.020	-2839.990	-709.961	2116.310	Running | Goals: 0	320.001	-134.600	-5695.400	-10099.000	1443.200	224.600	2.300	2.300	2.375	2.400	22.400	-22.100	4.200	2.900	22.400	20.000	-0.060	0	0	57	-3187.425	-1037.425	477.435	463.226	3608.623	-2839.990	-709.961	0.000	70.711	1	1	0	0.000	1	0	0	0	0	0	0	0	0	0	0	0	0	0	0	0	0	246	26.390			26.390	26.390	3	-1.000	-1.000	-1.000	-1.000	-1.000	-1.000	-1.000	-1.000	220.530	-1.000	50.520	-1.000	26.390	-1.000	-1.000	-1.000	-1.000
2026-05-18T21:37:41Z	134188.724	dumbdrive_drive	loop_tick	80	-4270.020	-2270.020	-2839.990	-709.961	2116.310	Running | Goals: 0	320.001	-134.600	-5695.400	-10099.000	1443.200	224.600	2.300	2.300	2.350	2.375	22.400	-22.100	0.000	0.000	22.400	20.000	-0.060	0	0	57	-3187.425	-1037.425	477.435	463.402	3608.623	-2839.990	-709.961	0.000	0.000	1	1	0	0.000	1	0	0	0	0	0	0	0	0	0	0	0	0	0	0	0	0	246	26.390			26.390	26.390	3	-1.000	-1.000	-1.000	-1.000	-1.000	-1.000	-1.000	-1.000	220.530	-1.000	50.520	-1.000	26.390	-1.000	-1.000	-1.000	-1.000
2026-05-18T21:37:41Z	134188.955	dumbdrive_drive	loop_tick	81	-4270.020	-2270.020	-2839.990	-709.961	2116.310	Running | Goals: 0	320.001	-134.600	-5695.400	-10099.000	1443.200	224.600	2.300	2.300	2.325	2.350	22.400	-22.100	0.000	0.000	22.400	20.000	-0.060	0	0	57	-3187.425	-1037.425	477.435	463.573	3608.623	-2839.990	-709.961	0.000	0.000	1	1	0	0.000	1	0	0	0	0	0	0	0	0	0	0	0	0	0	0	0	0	246	26.390			26.390	26.390	3	-1.000	-1.000	-1.000	-1.000	-1.000	-1.000	-1.000	-1.000	220.530	-1.000	50.520	-1.000	26.390	-1.000	-1.000	-1.000	-1.000
2026-05-18T21:37:42Z	134189.185	dumbdrive_drive	loop_tick	82	-4270.020	-2270.020	-2839.990	-709.961	2116.310	Running | Goals: 0	320.001	-134.600	-5695.400	-10099.000	1443.200	224.600	2.300	2.300	2.300	2.325	22.400	-22.100	0.000	0.000	22.400	20.000	-0.060	0	0	57	-3187.425	-1037.425	477.435	463.740	3608.623	-2839.990	-709.961	0.000	0.000	1	1	0	0.000	1	0	0	0	0	0	0	0	0	0	0	0	0	0	0	0	0	246	26.390			26.390	26.390	3	-1.000	-1.000	-1.000	-1.000	-1.000	-1.000	-1.000	-1.000	220.530	-1.000	50.520	-1.000	26.390	-1.000	-1.000	-1.000	-1.000
2026-05-18T21:37:42Z	134189.410	dumbdrive_drive	loop_tick	83	-4270.020	-2270.020	-2889.990	-759.961	2045.668	Recovering: reverse | Goals: 0	329.999	-129.900	-5695.900	-10099.500	1443.300	219.900	0.400	0.400	1.825	2.300	37.500	-15.700	15.100	6.400	37.500	-85.000	-0.350	0	0	51	-2522.752	-420.644	500.000	464.172	3680.037	-2889.990	-759.961	0.000	70.711	1	0	0	0.000	1	0	0	0	0	0	1	0	0	1	0	0	1	0	0	1	14	405	589.060			589.060		1	-1.000	-1.000	-1.000	-1.000	-1.000	-1.000	-1.000	-1.000	589.060	-1.000	-1.000	-1.000	-1.000	-1.000	-1.000	-1.000	-1.000
2026-05-18T21:37:42Z	134189.638	dumbdrive_drive	loop_tick	84	-4270.020	-2270.020	-2889.990	-759.961	2045.668	Recovering: reverse | Goals: 0	329.999	-129.900	-5695.900	-10099.500	1443.300	219.900	0.400	0.400	1.350	1.825	37.500	-15.700	0.000	0.000	37.500	-85.000	-0.350	0	0	51	-2522.752	-420.644	500.000	464.593	3680.037	-2889.990	-759.961	0.226	0.000	0	0	0	0.000	1	0	0	0	0	0	0	0	0	0	0	0	1	0	0	0	14	405	589.060			589.060		1	-1.000	-1.000	-1.000	-1.000	-1.000	-1.000	-1.000	-1.000	589.060	-1.000	-1.000	-1.000	-1.000	-1.000	-1.000	-1.000	-1.000
2026-05-18T21:37:42Z	134189.868	dumbdrive_drive	loop_tick	85	-4270.020	-2270.020	-2889.990	-759.961	2045.668	Recovering: reverse | Goals: 0	329.999	-129.900	-5695.900	-10099.500	1443.300	219.900	0.400	0.400	0.875	1.350	37.500	-15.700	0.000	0.000	37.500	-85.000	-0.350	0	0	51	-2522.752	-420.644	500.000	465.005	3680.037	-2889.990	-759.961	0.453	0.000	0	0	0	0.000	1	0	0	0	0	0	0	0	0	0	0	0	1	0	0	0	14	405	589.060			589.060		1	-1.000	-1.000	-1.000	-1.000	-1.000	-1.000	-1.000	-1.000	589.060	-1.000	-1.000	-1.000	-1.000	-1.000	-1.000	-1.000	-1.000
2026-05-18T21:37:43Z	134190.095	dumbdrive_drive	loop_tick	86	-4270.020	-2270.020	-2889.990	-759.961	2045.668	Recovering: reverse | Goals: 0	329.999	-129.900	-5695.900	-10099.500	1443.300	219.900	0.400	0.400	0.400	0.875	37.500	-15.700	0.000	0.000	37.500	-85.000	-0.350	0	0	51	-2522.752	-420.644	500.000	465.407	3680.037	-2889.990	-759.961	0.684	0.000	0	0	0	0.000	1	0	0	0	0	0	0	0	0	0	0	0	1	0	0	0	14	405	589.060			589.060		1	-1.000	-1.000	-1.000	-1.000	-1.000	-1.000	-1.000	-1.000	589.060	-1.000	-1.000	-1.000	-1.000	-1.000	-1.000	-1.000	-1.000
2026-05-18T21:37:43Z	134190.323	dumbdrive_drive	loop_tick	87	-4270.020	-2270.020	-2889.990	-759.961	2045.668	Recovering: reverse | Goals: 0	329.999	-129.900	-5695.900	-10099.500	1443.300	219.900	0.400	0.400	0.400	0.400	37.500	-15.700	0.000	0.000	37.500	-85.000	-0.350	0	0	51	-2522.752	-420.644	500.000	465.800	3680.037	-2889.990	-759.961	0.911	0.000	0	0	0	0.000	1	0	0	0	0	0	0	0	0	0	0	0	1	0	0	0	14	405	589.060			589.060		1	-1.000	-1.000	-1.000	-1.000	-1.000	-1.000	-1.000	-1.000	589.060	-1.000	-1.000	-1.000	-1.000	-1.000	-1.000	-1.000	-1.000
2026-05-18T21:37:43Z	134190.544	dumbdrive_drive	loop_tick	88	-4270.020	-2270.020	-2880.029	-759.961	2052.401	Recovering: reverse | Goals: 0	329.999	-129.400	-5695.800	-10099.500	1443.300	219.400	-0.600	0.600	0.450	0.400	39.800	-13.400	2.300	2.300	39.800	-85.000	-0.350	0	0	51	-2517.145	-415.992	500.000	466.184	3689.998	-2889.990	-759.961	1.138	9.961	0	0	0	0.000	1	0	0	0	0	0	0	0	0	0	0	0	1	0	0	0	14	405	661.450			661.450		1	-1.000	-1.000	-1.000	-1.000	-1.000	-1.000	-1.000	-1.000	661.450	-1.000	-1.000	-1.000	-1.000	-1.000	-1.000	-1.000	-1.000
2026-05-18T21:37:43Z	134190.772	dumbdrive_drive	loop_tick	89	-4270.020	-2270.020	-2880.029	-759.961	2052.401	Recovering: reverse | Goals: 0	329.999	-129.400	-5695.800	-10099.500	1443.300	219.400	-0.600	0.600	0.500	0.450	39.800	-13.400	0.000	0.000	39.800	-85.000	-0.350	0	0	51	-2517.145	-415.992	500.000	466.560	3689.998	-2889.990	-759.961	1.359	9.961	0	0	0	0.000	1	0	0	0	0	0	0	0	0	0	0	0	1	0	0	0	14	405	661.450			661.450		1	-1.000	-1.000	-1.000	-1.000	-1.000	-1.000	-1.000	-1.000	661.450	-1.000	-1.000	-1.000	-1.000	-1.000	-1.000	-1.000	-1.000
2026-05-18T21:37:43Z	134191.002	dumbdrive_drive	loop_tick	90	-4270.020	-2270.020	-2880.029	-759.961	2052.401	Recovering: reverse | Goals: 0	329.999	-129.400	-5695.800	-10099.500	1443.300	219.400	-0.600	0.600	0.550	0.500	39.800	-13.400	0.000	0.000	39.800	-85.000	-0.350	0	0	51	-2517.145	-415.992	500.000	466.928	3689.998	-2889.990	-759.961	1.587	9.961	0	0	0	0.000	1	0	0	0	0	0	0	0	0	0	0	0	1	0	0	0	14	405	661.450			661.450		1	-1.000	-1.000	-1.000	-1.000	-1.000	-1.000	-1.000	-1.000	661.450	-1.000	-1.000	-1.000	-1.000	-1.000	-1.000	-1.000	-1.000
2026-05-18T21:37:44Z	134191.231	dumbdrive_drive	loop_tick	91	-4270.020	-2270.020	-2880.029	-759.961	2052.401	Recovering: reverse | Goals: 0	329.999	-129.400	-5695.800	-10099.500	1443.300	219.400	-0.600	0.600	0.600	0.550	39.800	-13.400	0.000	0.000	39.800	-85.000	-0.350	0	0	51	-2517.145	-415.992	500.000	467.287	3689.998	-2889.990	-759.961	1.817	9.961	0	0	0	0.000	1	0	0	0	0	0	0	0	0	0	0	0	1	0	0	0	14	405	661.450			661.450		1	-1.000	-1.000	-1.000	-1.000	-1.000	-1.000	-1.000	-1.000	661.450	-1.000	-1.000	-1.000	-1.000	-1.000	-1.000	-1.000	-1.000
2026-05-18T21:37:44Z	134191.461	dumbdrive_drive	loop_tick	92	-4270.020	-2270.020	-2870.020	-750.000	2066.509	Recovering: reverse | Goals: 0	320.001	-129.700	-5695.700	-10099.400	1443.200	219.700	-0.400	0.400	0.550	0.600	37.400	-12.200	-2.400	1.200	37.400	-85.000	-0.350	0	0	51	-2506.907	-406.272	500.000	467.639	3707.300	-2889.990	-759.961	2.046	22.317	0	0	0	0.000	1	0	0	0	0	0	0	0	0	0	0	0	1	0	0	0	14	403	1.380			1.380	1.380	2	-1.000	-1.000	-1.000	-1.000	-1.000	-1.000	-1.000	-1.000	645.240	-1.000	-1.000	-1.000	1.380	-1.000	-1.000	-1.000	-1.000
2026-05-18T21:37:44Z	134191.684	dumbdrive_drive	loop_tick	93	-4270.020	-2270.020	-2870.020	-750.000	2066.509	Recovering: reverse | Goals: 0	320.001	-129.700	-5695.700	-10099.400	1443.200	219.700	-0.400	0.400	0.500	0.550	37.400	-12.200	0.000	0.000	37.400	-85.000	-0.350	0	0	51	-2506.907	-406.272	500.000	467.983	3707.300	-2889.990	-759.961	2.276	22.317	0	0	0	0.000	1	0	0	0	0	0	0	0	0	0	0	0	1	0	0	0	14	403	1.380			1.380	1.380	2	-1.000	-1.000	-1.000	-1.000	-1.000	-1.000	-1.000	-1.000	645.240	-1.000	-1.000	-1.000	1.380	-1.000	-1.000	-1.000	-1.000
2026-05-18T21:37:44Z	134191.913	dumbdrive_drive	loop_tick	94	-4270.020	-2270.020	-2870.020	-750.000	2066.509	Recovering: reverse | Goals: 0	320.001	-129.700	-5695.700	-10099.400	1443.200	219.700	-0.400	0.400	0.450	0.500	37.400	-12.200	0.000	0.000	37.400	-85.000	-0.350	0	0	51	-2506.907	-406.272	500.000	468.320	3707.300	-2889.990	-759.961	2.498	22.317	0	0	0	0.000	1	0	0	0	0	0	0	0	0	0	0	0	1	0	0	0	14	403	1.380			1.380	1.380	2	-1.000	-1.000	-1.000	-1.000	-1.000	-1.000	-1.000	-1.000	645.240	-1.000	-1.000	-1.000	1.380	-1.000	-1.000	-1.000	-1.000
2026-05-18T21:37:45Z	134192.143	dumbdrive_drive	loop_tick	95	-4270.020	-2270.020	-2870.020	-750.000	2066.509	Recovering: reverse | Goals: 0	320.001	-129.700	-5695.700	-10099.400	1443.200	219.700	-0.400	0.400	0.400	0.450	37.400	-12.200	0.000	0.000	37.400	-85.000	-0.350	0	0	51	-2506.907	-406.272	500.000	468.650	3707.300	-2889.990	-759.961	2.728	22.317	0	0	0	0.000	1	0	0	0	0	0	0	0	0	0	0	0	1	0	0	0	14	403	1.380			1.380	1.380	2	-1.000	-1.000	-1.000	-1.000	-1.000	-1.000	-1.000	-1.000	645.240	-1.000	-1.000	-1.000	1.380	-1.000	-1.000	-1.000	-1.000
2026-05-18T21:37:45Z	134192.379	dumbdrive_drive	loop_tick	96	-4270.020	-2270.020	-2860.010	-750.000	2073.303	Recovering: reverse | Goals: 0	329.999	-128.200	-5695.600	-10099.400	1443.300	218.200	-0.500	0.500	0.425	0.400	42.600	-8.200	5.200	4.000	42.600	-85.000	-0.350	0	0	51	-2501.576	-401.396	500.000	468.973	3721.447	-2889.990	-759.961	2.958	31.592	0	0	0	0.000	1	0	0	0	0	0	0	0	0	0	0	0	1	0	0	0	14	402	0.940			0.940	0.940	2	-1.000	-1.000	-1.000	-1.000	-1.000	-1.000	-1.000	-1.000	774.690	-1.000	-1.000	-1.000	0.940	-1.000	-1.000	-1.000	-1.000
2026-05-18T21:37:45Z	134192.607	dumbdrive_drive	loop_tick	97	-4270.020	-2270.020	-2860.010	-750.000	2073.303	Recovering: reverse | Goals: 0	329.999	-128.200	-5695.600	-10099.400	1443.300	218.200	-0.500	0.500	0.450	0.425	42.600	-8.200	0.000	0.000	42.600	-85.000	-0.350	0	0	51	-2501.576	-401.396	500.000	469.290	3721.447	-2889.990	-759.961	3.195	31.592	0	0	0	0.000	1	0	0	0	0	0	0	0	0	0	0	0	1	0	0	0	14	402	0.940			0.940	0.940	2	-1.000	-1.000	-1.000	-1.000	-1.000	-1.000	-1.000	-1.000	774.690	-1.000	-1.000	-1.000	0.940	-1.000	-1.000	-1.000	-1.000
2026-05-18T21:37:45Z	134192.838	dumbdrive_drive	loop_tick	98	-4270.020	-2270.020	-2860.010	-750.000	2073.303	Recovering: reverse | Goals: 0	329.999	-128.200	-5695.600	-10099.400	1443.300	218.200	-0.500	0.500	0.475	0.450	42.600	-8.200	0.000	0.000	42.600	-85.000	-0.350	0	0	51	-2501.576	-401.396	500.000	469.600	3721.447	-2889.990	-759.961	3.423	31.592	0	0	0	0.000	1	0	0	0	0	0	0	0	0	0	0	0	1	0	0	0	14	402	0.940			0.940	0.940	2	-1.000	-1.000	-1.000	-1.000	-1.000	-1.000	-1.000	-1.000	774.690	-1.000	-1.000	-1.000	0.940	-1.000	-1.000	-1.000	-1.000
2026-05-18T21:37:46Z	134193.068	dumbdrive_drive	loop_tick	99	-4270.020	-2270.020	-2860.010	-750.000	2073.303	Recovering: reverse | Goals: 0	329.999	-128.200	-5695.600	-10099.400	1443.300	218.200	-0.500	0.500	0.500	0.475	42.600	-8.200	0.000	0.000	42.600	-85.000	-0.350	0	0	51	-2501.576	-401.396	500.000	469.904	3721.447	-2889.990	-759.961	3.653	31.592	0	0	0	0.000	1	0	0	0	0	0	0	0	0	0	0	0	1	0	0	0	14	402	0.940			0.940	0.940	2	-1.000	-1.000	-1.000	-1.000	-1.000	-1.000	-1.000	-1.000	774.690	-1.000	-1.000	-1.000	0.940	-1.000	-1.000	-1.000	-1.000
2026-05-18T21:37:46Z	134193.295	dumbdrive_drive	loop_tick	100	-4270.020	-2270.020	-2860.010	-750.000	2073.303	Recovering: reverse | Goals: 0	329.999	-128.200	-5695.600	-10099.400	1443.300	218.200	-0.500	0.500	0.500	0.500	42.600	-8.200	0.000	0.000	42.600	-85.000	-0.350	0	0	51	-2501.576	-401.396	500.000	470.202	3721.447	-2889.990	-759.961	3.881	31.592	0	0	0	0.000	1	0	0	0	0	0	0	0	0	0	0	0	1	0	0	0	14	402	0.940			0.940	0.940	2	-1.000	-1.000	-1.000	-1.000	-1.000	-1.000	-1.000	-1.000	774.690	-1.000	-1.000	-1.000	0.940	-1.000	-1.000	-1.000	-1.000
2026-05-18T21:37:46Z	134193.518	dumbdrive_drive	loop_tick	101	-4270.020	-2270.020	-2839.990	-739.942	2094.307	Recovering: reverse | Goals: 0	320.001	-127.100	-5695.400	-10099.300	1443.200	217.100	-1.600	1.600	0.775	0.500	42.600	-4.200	0.000	4.000	42.600	-85.000	-0.350	0	0	51	-2486.412	-403.627	487.980	470.376	3745.981	-2889.990	-759.961	4.110	53.859	0	0	0	0.000	1	0	0	0	0	0	0	0	0	0	0	0	1	0	0	0	14	400	14.290			14.290	14.290	2	-1.000	-1.000	-1.000	-1.000	-1.000	-1.000	-1.000	-1.000	828.940	-1.000	-1.000	-1.000	14.290	-1.000	-1.000	-1.000	-1.000
2026-05-18T21:37:46Z	134193.743	dumbdrive_drive	loop_tick	102	-4270.020	-2270.020	-2839.990	-739.942	2094.307	Recovering: reverse | Goals: 0	320.001	-127.100	-5695.400	-10099.300	1443.200	217.100	-1.600	1.600	1.050	0.775	42.600	-4.200	0.000	0.000	42.600	-85.000	-0.350	0	0	51	-2486.412	-403.627	487.980	470.547	3745.981	-2889.990	-759.961	4.333	53.859	0	0	0	0.000	1	0	0	0	0	0	0	0	0	0	0	0	1	0	0	0	14	400	14.290			14.290	14.290	2	-1.000	-1.000	-1.000	-1.000	-1.000	-1.000	-1.000	-1.000	828.940	-1.000	-1.000	-1.000	14.290	-1.000	-1.000	-1.000	-1.000
2026-05-18T21:37:46Z	134193.971	dumbdrive_drive	loop_tick	103	-4270.020	-2270.020	-2839.990	-739.942	2094.307	Recovering: reverse | Goals: 0	320.001	-127.100	-5695.400	-10099.300	1443.200	217.100	-1.600	1.600	1.325	1.050	42.600	-4.200	0.000	0.000	42.600	-85.000	-0.350	0	0	51	-2486.412	-403.627	487.980	470.715	3745.981	-2889.990	-759.961	4.559	53.859	0	0	0	0.000	1	0	0	0	0	0	0	0	0	0	0	0	1	0	0	0	14	400	14.290			14.290	14.290	2	-1.000	-1.000	-1.000	-1.000	-1.000	-1.000	-1.000	-1.000	828.940	-1.000	-1.000	-1.000	14.290	-1.000	-1.000	-1.000	-1.000
2026-05-18T21:37:47Z	134194.200	dumbdrive_drive	loop_tick	104	-4270.020	-2270.020	-2839.990	-739.942	2094.307	Recovering: reverse | Goals: 0	320.001	-127.100	-5695.400	-10099.300	1443.200	217.100	-1.600	1.600	1.600	1.325	42.600	-4.200	0.000	0.000	42.600	-85.000	-0.350	0	0	51	-2486.412	-403.627	487.980	470.879	3745.981	-2889.990	-759.961	4.787	53.859	0	0	0	0.000	1	0	0	0	0	0	0	0	0	0	0	0	1	0	0	0	14	400	14.290			14.290	14.290	2	-1.000	-1.000	-1.000	-1.000	-1.000	-1.000	-1.000	-1.000	828.940	-1.000	-1.000	-1.000	14.290	-1.000	-1.000	-1.000	-1.000
2026-05-18T21:37:47Z	134194.429	dumbdrive_drive	loop_tick	105	-4270.020	-2270.020	-2789.990	-659.961	2186.956	Recovering: reverse | Goals: 0	299.994	-126.800	-5694.900	-10098.500	1443.000	216.800	-4.600	4.600	2.350	1.600	30.000	-5.700	-12.600	-1.500	30.000	-85.000	-0.350	0	0	52	-2421.825	-468.215	415.106	470.353	3842.403	-2889.990	-759.961	5.015	141.421	0	0	0	0.000	1	0	0	0	0	0	0	0	0	0	0	0	1	0	0	0	14	391	62.400			62.400	62.400	2	-1.000	-1.000	-1.000	-1.000	-1.000	-1.000	-1.000	-1.000	571.610	-1.000	-1.000	-1.000	62.400	-1.000	-1.000	-1.000	-1.000
2026-05-18T21:37:47Z	134194.657	dumbdrive_drive	loop_tick	106	-4270.020	-2270.020	-2789.990	-659.961	2186.956	Recovering: reverse | Goals: 0	299.994	-126.800	-5694.900	-10098.500	1443.000	216.800	-4.600	4.600	3.100	2.350	30.000	-5.700	0.000	0.000	30.000	-85.000	-0.350	0	0	52	-2421.825	-468.215	415.106	469.837	3842.403	-2889.990	-759.961	5.245	141.421	0	0	0	0.000	1	0	0	0	0	0	0	0	0	0	0	0	1	0	0	0	14	391	62.400			62.400	62.400	2	-1.000	-1.000	-1.000	-1.000	-1.000	-1.000	-1.000	-1.000	571.610	-1.000	-1.000	-1.000	62.400	-1.000	-1.000	-1.000	-1.000
2026-05-18T21:37:47Z	134194.885	dumbdrive_drive	loop_tick	107	-4270.020	-2270.020	-2789.990	-659.961	2186.956	Recovering: reverse | Goals: 0	299.994	-126.800	-5694.900	-10098.500	1443.000	216.800	-4.600	4.600	3.850	3.100	30.000	-5.700	0.000	0.000	30.000	-85.000	-0.350	0	0	52	-2421.825	-468.215	415.106	469.330	3842.403	-2889.990	-759.961	5.473	141.421	0	0	0	0.000	1	0	0	0	0	0	0	0	0	0	0	0	1	0	0	0	14	391	62.400			62.400	62.400	2	-1.000	-1.000	-1.000	-1.000	-1.000	-1.000	-1.000	-1.000	571.610	-1.000	-1.000	-1.000	62.400	-1.000	-1.000	-1.000	-1.000
2026-05-18T21:37:48Z	134195.115	dumbdrive_drive	loop_tick	108	-4270.020	-2270.020	-2789.990	-659.961	2186.956	Recovering: reverse | Goals: 0	299.994	-126.800	-5694.900	-10098.500	1443.000	216.800	-4.600	4.600	4.600	3.850	30.000	-5.700	0.000	0.000	30.000	-85.000	-0.350	0	0	52	-2421.825	-468.215	415.106	468.833	3842.403	-2889.990	-759.961	5.700	141.421	0	0	0	0.000	1	0	0	0	0	0	0	0	0	0	0	0	1	0	0	0	14	391	62.400			62.400	62.400	2	-1.000	-1.000	-1.000	-1.000	-1.000	-1.000	-1.000	-1.000	571.610	-1.000	-1.000	-1.000	62.400	-1.000	-1.000	-1.000	-1.000
2026-05-18T21:37:48Z	134195.343	dumbdrive_drive	loop_tick	109	-4270.020	-2270.020	-2789.990	-659.961	2186.956	Recovering: reverse | Goals: 0	299.994	-126.800	-5694.900	-10098.500	1443.000	216.800	-4.600	4.600	4.600	4.600	30.000	-5.700	0.000	0.000	30.000	-85.000	-0.350	0	0	52	-2421.825	-468.215	415.106	468.344	3842.403	-2889.990	-759.961	5.930	141.421	0	0	0	0.000	1	0	0	0	0	0	0	0	0	0	0	0	1	0	0	0	14	391	62.400			62.400	62.400	2	-1.000	-1.000	-1.000	-1.000	-1.000	-1.000	-1.000	-1.000	571.610	-1.000	-1.000	-1.000	62.400	-1.000	-1.000	-1.000	-1.000
2026-05-18T21:37:48Z	134195.566	dumbdrive_drive	loop_tick	110	-4270.020	-2270.020	-2630.029	-500.000	2412.993	Recovering: reverse | Goals: 0	249.994	-120.900	-5693.300	-10096.900	1442.500	210.900	-8.200	8.200	5.500	4.600	1.300	2.700	-28.700	8.400	2.700	-85.000	-0.350	0	0	53	-2395.020	-682.576	297.596	466.806	4074.081	-2889.990	-759.961	6.158	367.640	0	0	0	0.000	1	0	0	0	0	0	0	0	0	0	0	0	1	0	0	0	14	369	149.120	149.120	149.120	516.810	359.900	10	-1.000	149.120	-1.000	673.740	-1.000	275.040	516.810	395.140	617.210	685.860	359.900	403.860	-1.000	966.970	-1.000	-1.000	-1.000
2026-05-18T21:37:48Z	134195.796	dumbdrive_drive	loop_tick	111	-4270.020	-2270.020	-2630.029	-500.000	2412.993	Recovering: reverse | Goals: 0	249.994	-120.900	-5693.300	-10096.900	1442.500	210.900	-8.200	8.200	6.400	5.500	1.300	2.700	0.000	0.000	2.700	-85.000	-0.350	0	0	53	-2395.020	-682.576	297.596	465.295	4074.081	-2889.990	-759.961	6.382	367.640	0	0	0	0.000	1	0	0	0	0	0	0	0	0	0	0	0	1	0	0	0	14	369	149.120	149.120	149.120	516.810	359.900	10	-1.000	149.120	-1.000	673.740	-1.000	275.040	516.810	395.140	617.210	685.860	359.900	403.860	-1.000	966.970	-1.000	-1.000	-1.000
2026-05-18T21:37:49Z	134196.028	dumbdrive_drive	loop_tick	112	-4270.020	-2270.020	-2630.029	-500.000	2412.993	Recovering: reverse | Goals: 0	249.994	-120.900	-5693.300	-10096.900	1442.500	210.900	-8.200	8.200	7.300	6.400	1.300	2.700	0.000	0.000	2.700	-85.000	-0.350	0	0	53	-2395.020	-682.576	297.596	463.811	4074.081	-2889.990	-759.961	6.611	367.640	0	0	0	0.000	1	0	0	0	0	0	0	0	0	0	0	0	1	0	0	0	14	369	149.120	149.120	149.120	516.810	359.900	10	-1.000	149.120	-1.000	673.740	-1.000	275.040	516.810	395.140	617.210	685.860	359.900	403.860	-1.000	966.970	-1.000	-1.000	-1.000
2026-05-18T21:37:49Z	134196.252	dumbdrive_drive	loop_tick	113	-4270.020	-2270.020	-2630.029	-500.000	2412.993	Recovering: reverse | Goals: 0	249.994	-120.900	-5693.300	-10096.900	1442.500	210.900	-8.200	8.200	8.200	7.300	1.300	2.700	0.000	0.000	2.700	-85.000	-0.350	0	0	53	-2395.020	-682.576	297.596	462.353	4074.081	-2889.990	-759.961	6.840	367.640	0	0	0	0.000	1	0	0	0	0	0	0	0	0	0	0	0	1	0	0	0	14	369	149.120	149.120	149.120	516.810	359.900	10	-1.000	149.120	-1.000	673.740	-1.000	275.040	516.810	395.140	617.210	685.860	359.900	403.860	-1.000	966.970	-1.000	-1.000	-1.000
2026-05-18T21:37:49Z	134196.482	dumbdrive_drive	loop_tick	114	-4270.020	-2270.020	-2510.010	-289.942	2649.216	Recovering: reverse | Goals: 0	229.999	-115.400	-5692.100	-10094.800	1442.300	205.400	-12.700	12.700	9.325	8.200	2.700	0.000	1.400	-2.700	2.700	-85.000	0.350	0	0	52	-2958.482	-245.020	450.716	462.252	4316.835	-2889.990	-759.961	7.067	604.403	0	0	0	0.000	1	0	0	0	0	0	0	0	0	0	0	0	1	0	0	0	14	357	206.440	206.440	206.440	428.500	236.760	12	206.440	359.380	-1.000	813.390	-1.000	494.920	492.460	420.970	428.500	850.520	238.160	236.760	-1.000	325.560	-1.000	214.830	-1.000
2026-05-18T21:37:49Z	134196.706	dumbdrive_drive	loop_tick	115	-4270.020	-2270.020	-2510.010	-289.942	2649.216	Recovering: reverse | Goals: 0	229.999	-115.400	-5692.100	-10094.800	1442.300	205.400	-12.700	12.700	10.450	9.325	2.700	0.000	0.000	0.000	2.700	-85.000	0.350	0	0	52	-2958.482	-245.020	450.716	462.152	4316.835	-2889.990	-759.961	7.297	604.403	0	0	0	0.000	1	0	0	0	0	0	0	0	0	0	0	0	1	0	0	0	14	357	206.440	206.440	206.440	428.500	236.760	12	206.440	359.380	-1.000	813.390	-1.000	494.920	492.460	420.970	428.500	850.520	238.160	236.760	-1.000	325.560	-1.000	214.830	-1.000
2026-05-18T21:37:49Z	134196.938	dumbdrive_drive	loop_tick	116	-4270.020	-2270.020	-2510.010	-289.942	2649.216	Recovering: reverse | Goals: 0	229.999	-115.400	-5692.100	-10094.800	1442.300	205.400	-12.700	12.700	11.575	10.450	2.700	0.000	0.000	0.000	2.700	-85.000	0.350	0	0	52	-2958.482	-245.020	450.716	462.055	4316.835	-2889.990	-759.961	7.522	604.403	0	0	0	0.000	1	0	0	0	0	0	0	0	0	0	0	0	1	0	0	0	14	357	206.440	206.440	206.440	428.500	236.760	12	206.440	359.380	-1.000	813.390	-1.000	494.920	492.460	420.970	428.500	850.520	238.160	236.760	-1.000	325.560	-1.000	214.830	-1.000
2026-05-18T21:37:50Z	134197.168	dumbdrive_drive	loop_tick	117	-4270.020	-2270.020	-2510.010	-289.942	2649.216	Recovering: reverse | Goals: 0	229.999	-115.400	-5692.100	-10094.800	1442.300	205.400	-12.700	12.700	12.700	11.575	2.700	0.000	0.000	0.000	2.700	-85.000	0.350	0	0	52	-2958.482	-245.020	450.716	461.959	4316.835	-2889.990	-759.961	7.753	604.403	0	0	0	0.000	1	0	0	0	0	0	0	0	0	0	0	0	1	0	0	0	14	357	206.440	206.440	206.440	428.500	236.760	12	206.440	359.380	-1.000	813.390	-1.000	494.920	492.460	420.970	428.500	850.520	238.160	236.760	-1.000	325.560	-1.000	214.830	-1.000
2026-05-18T21:37:50Z	134197.397	dumbdrive_drive	loop_tick	118	-4270.020	-2270.020	-2510.010	-289.942	2649.216	Recovering: reverse | Goals: 0	229.999	-115.400	-5692.100	-10094.800	1442.300	205.400	-12.700	12.700	12.700	12.700	2.700	0.000	0.000	0.000	2.700	-85.000	0.350	0	0	52	-2958.482	-245.020	450.716	461.864	4316.835	-2889.990	-759.961	7.983	604.403	0	0	0	0.000	1	0	0	0	0	0	0	0	0	0	0	0	1	0	0	0	14	357	206.440	206.440	206.440	428.500	236.760	12	206.440	359.380	-1.000	813.390	-1.000	494.920	492.460	420.970	428.500	850.520	238.160	236.760	-1.000	325.560	-1.000	214.830	-1.000
2026-05-18T21:37:50Z	134197.632	dumbdrive_drive	loop_tick	119	-4270.020	-2270.020	-2380.029	-9.961	2946.172	Recovering: brake | Goals: 0	229.999	-111.700	-5690.800	-10092.000	1442.300	201.700	-12.700	12.700	12.700	12.700	1.300	-0.700	-1.400	-0.700	1.300	0.000	0.000	0	0	56	-2770.301	-245.020	455.593	461.812	4625.516	-2380.029	-9.961	-0.020	906.951	0	0	0	0.000	1	0	0	0	0	0	0	0	0	0	0	0	0	1	0	0	14	380	432.920	435.190	441.150	432.920	808.310	11	499.260	571.950	-1.000	543.550	712.810	441.150	435.190	455.470	432.920	808.310	-1.000	-1.000	-1.000	581.640	-1.000	492.930	-1.000
2026-05-18T21:37:50Z	134197.844	dumbdrive_drive	loop_tick	120	-4270.020	-2270.020	-2380.029	-9.961	2946.172	Recovering: brake | Goals: 0	229.999	-111.700	-5690.800	-10092.000	1442.300	201.700	-12.700	12.700	12.700	12.700	1.300	-0.700	0.000	0.000	1.300	0.000	0.000	1	0	56	-2770.301	-245.020	455.593	461.760	4625.516	-2380.029	-9.961	0.211	0.000	0	0	0	0.000	1	0	0	0	0	0	0	0	0	0	0	0	0	1	0	0	14	380	432.920	435.190	441.150	432.920	808.310	11	499.260	571.950	-1.000	543.550	712.810	441.150	435.190	455.470	432.920	808.310	-1.000	-1.000	-1.000	581.640	-1.000	492.930	-1.000
2026-05-18T21:37:51Z	134198.065	dumbdrive_drive	loop_tick	121	-4270.020	-2270.020	-2380.029	-9.961	2946.172	Recovering: brake | Goals: 0	229.999	-111.700	-5690.800	-10092.000	1442.300	201.700	-12.700	12.700	12.700	12.700	1.300	-0.700	0.000	0.000	1.300	0.000	0.000	1	0	56	-2770.301	-245.020	455.593	461.710	4625.516	-2380.029	-9.961	0.427	0.000	0	0	0	0.000	1	0	0	0	0	0	0	0	0	0	0	0	0	1	0	0	14	380	432.920	435.190	441.150	432.920	808.310	11	499.260	571.950	-1.000	543.550	712.810	441.150	435.190	455.470	432.920	808.310	-1.000	-1.000	-1.000	581.640	-1.000	492.930	-1.000
2026-05-18T21:37:51Z	134198.286	dumbdrive_drive	loop_tick	122	-4270.020	-2270.020	-2380.029	-9.961	2946.172	Recovering: brake | Goals: 0	229.999	-111.700	-5690.800	-10092.000	1442.300	201.700	-12.700	12.700	12.700	12.700	1.300	-0.700	0.000	0.000	1.300	0.000	0.000	1	0	56	-2770.301	-245.020	455.593	461.660	4625.516	-2380.029	-9.961	0.648	0.000	0	0	0	0.000	1	0	0	0	0	0	0	0	0	0	0	0	0	1	0	0	14	380	432.920	435.190	441.150	432.920	808.310	11	499.260	571.950	-1.000	543.550	712.810	441.150	435.190	455.470	432.920	808.310	-1.000	-1.000	-1.000	581.640	-1.000	492.930	-1.000
2026-05-18T21:37:51Z	134198.507	dumbdrive_drive	loop_tick	123	-4270.020	-2270.020	-2270.020	270.020	3232.924	Recovering: brake | Goals: 0	209.992	-115.100	-5689.700	-10089.200	1442.100	205.100	-11.500	11.500	12.400	12.700	4.900	0.200	3.600	0.900	4.900	0.000	0.000	1	0	57	-2577.943	-77.943	464.645	461.684	4926.998	-2380.029	-9.961	0.869	300.818	0	0	0	0.000	1	0	0	0	0	0	0	0	0	0	0	0	0	1	0	0	14	410	224.660	498.130	411.990	448.780	224.660	10	-1.000	662.880	-1.000	658.570	-1.000	498.130	499.020	411.990	448.780	755.770	224.660	229.230	-1.000	763.330	-1.000	-1.000	-1.000
2026-05-18T21:37:51Z	134198.729	dumbdrive_drive	loop_tick	124	-4270.020	-2270.020	-2270.020	270.020	3232.924	Recovering: brake | Goals: 0	209.992	-115.100	-5689.700	-10089.200	1442.100	205.100	-11.500	11.500	12.100	12.400	4.900	0.200	0.000	0.000	4.900	0.000	0.000	1	0	57	-2577.943	-77.943	464.645	461.708	4926.998	-2380.029	-9.961	1.090	300.818	0	0	0	0.000	1	0	0	0	0	0	0	0	0	0	0	0	0	1	0	0	14	410	224.660	498.130	411.990	448.780	224.660	10	-1.000	662.880	-1.000	658.570	-1.000	498.130	499.020	411.990	448.780	755.770	224.660	229.230	-1.000	763.330	-1.000	-1.000	-1.000
2026-05-18T21:37:51Z	134198.949	dumbdrive_drive	loop_tick	125	-4270.020	-2270.020	-2270.020	270.020	3232.924	Recovering: brake | Goals: 0	209.992	-115.100	-5689.700	-10089.200	1442.100	205.100	-11.500	11.500	11.800	12.100	4.900	0.200	0.000	0.000	4.900	0.000	0.000	1	0	57	-2577.943	-77.943	464.645	461.731	4926.998	-2380.029	-9.961	1.311	300.818	0	0	0	0.000	1	0	0	0	0	0	0	0	0	0	0	0	0	1	0	0	14	410	224.660	498.130	411.990	448.780	224.660	10	-1.000	662.880	-1.000	658.570	-1.000	498.130	499.020	411.990	448.780	755.770	224.660	229.230	-1.000	763.330	-1.000	-1.000	-1.000
2026-05-18T21:37:52Z	134199.167	dumbdrive_drive	loop_tick	126	-4270.020	-2270.020	-2270.020	270.020	3232.924	Recovering: brake | Goals: 0	209.992	-115.100	-5689.700	-10089.200	1442.100	205.100	-11.500	11.500	11.500	11.800	4.900	0.200	0.000	0.000	4.900	0.000	0.000	1	0	57	-2577.943	-77.943	464.645	461.754	4926.998	-2380.029	-9.961	1.532	300.818	0	0	0	0.000	1	0	0	0	0	0	0	0	0	0	0	0	0	1	0	0	14	410	224.660	498.130	411.990	448.780	224.660	10	-1.000	662.880	-1.000	658.570	-1.000	498.130	499.020	411.990	448.780	755.770	224.660	229.230	-1.000	763.330	-1.000	-1.000	-1.000
2026-05-18T21:37:52Z	134199.382	dumbdrive_drive	loop_tick	127	-4270.020	-2270.020	-2189.990	440.039	3416.276	Recovering: brake | Goals: 0	199.994	-115.100	-5688.900	-10087.500	1442.000	205.100	-5.800	5.800	10.075	11.500	5.100	-0.300	0.200	-0.500	5.100	0.000	0.000	1	0	57	-2537.425	112.575	477.435	461.877	5115.177	-2380.029	-9.961	1.750	488.482	0	0	0	0.000	1	0	0	0	0	0	0	0	0	0	0	0	0	1	0	0	14	426	235.430	484.860	442.170	439.370	235.430	10	-1.000	647.050	-1.000	616.770	-1.000	493.200	484.860	442.170	439.370	817.120	242.450	235.430	-1.000	933.130	-1.000	-1.000	-1.000
2026-05-18T21:37:52Z	134199.605	dumbdrive_drive	loop_tick	128	-4270.020	-2270.020	-2189.990	440.039	3416.276	Recovering: brake | Goals: 0	199.994	-115.100	-5688.900	-10087.500	1442.000	205.100	-5.800	5.800	8.650	10.075	5.100	-0.300	0.000	0.000	5.100	0.000	0.000	1	0	57	-2537.425	112.575	477.435	461.997	5115.177	-2380.029	-9.961	1.965	488.482	0	0	0	0.000	1	0	0	0	0	0	0	0	0	0	0	0	0	1	0	0	14	426	235.430	484.860	442.170	439.370	235.430	10	-1.000	647.050	-1.000	616.770	-1.000	493.200	484.860	442.170	439.370	817.120	242.450	235.430	-1.000	933.130	-1.000	-1.000	-1.000
2026-05-18T21:37:52Z	134199.829	dumbdrive_drive	loop_tick	129	-4270.020	-2270.020	-2189.990	440.039	3416.276	Recovering: brake | Goals: 0	199.994	-115.100	-5688.900	-10087.500	1442.000	205.100	-5.800	5.800	7.225	8.650	5.100	-0.300	0.000	0.000	5.100	0.000	0.000	1	0	57	-2537.425	112.575	477.435	462.116	5115.177	-2380.029	-9.961	2.188	488.482	0	0	0	0.000	1	0	0	0	0	0	0	0	0	0	0	0	0	1	0	0	14	426	235.430	484.860	442.170	439.370	235.430	10	-1.000	647.050	-1.000	616.770	-1.000	493.200	484.860	442.170	439.370	817.120	242.450	235.430	-1.000	933.130	-1.000	-1.000	-1.000
2026-05-18T21:37:53Z	134200.052	dumbdrive_drive	loop_tick	130	-4270.020	-2270.020	-2189.990	440.039	3416.276	Recovering: brake | Goals: 0	199.994	-115.100	-5688.900	-10087.500	1442.000	205.100	-5.800	5.800	5.800	7.225	5.100	-0.300	0.000	0.000	5.100	0.000	0.000	1	0	57	-2537.425	112.575	477.435	462.233	5115.177	-2380.029	-9.961	2.412	488.482	0	0	0	0.000	1	0	0	0	0	0	0	0	0	0	0	0	0	1	0	0	14	426	235.430	484.860	442.170	439.370	235.430	10	-1.000	647.050	-1.000	616.770	-1.000	493.200	484.860	442.170	439.370	817.120	242.450	235.430	-1.000	933.130	-1.000	-1.000	-1.000
2026-05-18T21:37:53Z	134200.272	dumbdrive_drive	loop_tick	131	-4270.020	-2270.020	-2189.990	440.039	3416.276	Recovering: brake | Goals: 0	199.994	-115.100	-5688.900	-10087.500	1442.000	205.100	-5.800	5.800	5.800	5.800	5.100	-0.300	0.000	0.000	5.100	0.000	0.000	1	0	57	-2537.425	112.575	477.435	462.348	5115.177	-2380.029	-9.961	2.634	488.482	0	0	0	0.000	1	0	0	0	0	0	0	0	0	0	0	0	0	1	0	0	14	426	235.430	484.860	442.170	439.370	235.430	10	-1.000	647.050	-1.000	616.770	-1.000	493.200	484.860	442.170	439.370	817.120	242.450	235.430	-1.000	933.130	-1.000	-1.000	-1.000
2026-05-18T21:37:53Z	134200.494	dumbdrive_drive	loop_tick	132	-4270.020	-2270.020	-2170.020	479.980	3460.130	Running | Goals: 0	189.996	-115.100	-5688.700	-10087.101	1441.900	205.100	0.200	0.200	4.400		4.700	-0.300			4.700	10.000	-0.569	1	0	57	-2473.573	176.427	429.289	462.100	5160.938	-2170.020	479.980	-0.004	0.000	1	0	1	0.000	1	0	0	0	0	0	0	0	0	0	0	0	0	0	0	0	14	436	239.630	461.060	439.430	428.500	239.630	11	-1.000	604.060	-1.000	570.600	986.920	466.570	461.060	439.430	428.500	770.560	247.390	239.630	-1.000	972.020	-1.000	-1.000	-1.000
2026-05-18T21:37:53Z	134200.714	dumbdrive_drive	loop_tick	133	-4270.020	-2270.020	-2170.020	479.980	3460.130	Running | Goals: 0	189.996	-115.100	-5688.700	-10087.101	1441.900	205.100	0.200	0.200	0.200	4.400	4.700	-0.300	0.000	0.000	4.700	10.000	-0.569	0	0	57	-2473.573	176.427	429.289	461.855	5160.938	-2170.020	479.980	0.218	0.000	1	0	1	0.222	1	0	1	1	0	0	0	0	0	1	0	0	0	0	0	0	14	436	239.630	461.060	439.430	428.500	239.630	11	-1.000	604.060	-1.000	570.600	986.920	466.570	461.060	439.430	428.500	770.560	247.390	239.630	-1.000	972.020	-1.000	-1.000	-1.000
2026-05-18T21:37:53Z	134200.933	dumbdrive_drive	loop_tick	134	-4270.020	-2270.020	-2170.020	479.980	3460.130	Running | Goals: 0	189.996	-115.100	-5688.700	-10087.101	1441.900	205.100	0.200	0.200	0.200	0.200	4.700	-0.300	0.000	0.000	4.700	10.000	-0.569	0	0	57	-2473.573	176.427	429.289	461.614	5160.938	-2170.020	479.980	0.436	0.000	1	0	1	0.441	1	0	0	0	0	0	0	0	0	0	0	0	0	0	0	0	14	436	239.630	461.060	439.430	428.500	239.630	11	-1.000	604.060	-1.000	570.600	986.920	466.570	461.060	439.430	428.500	770.560	247.390	239.630	-1.000	972.020	-1.000	-1.000	-1.000
2026-05-18T21:37:54Z	134201.153	dumbdrive_drive	loop_tick	135	-4270.020	-2270.020	-2170.020	479.980	3460.130	Running | Goals: 0	189.996	-115.100	-5688.700	-10087.101	1441.900	205.100	0.200	0.200	0.200	0.200	4.700	-0.300	0.000	0.000	4.700	10.000	-0.569	0	0	57	-2473.573	176.427	429.289	461.376	5160.938	-2170.020	479.980	0.658	0.000	1	0	1	0.662	1	0	0	0	0	0	0	0	0	0	0	0	0	0	0	0	14	436	239.630	461.060	439.430	428.500	239.630	11	-1.000	604.060	-1.000	570.600	986.920	466.570	461.060	439.430	428.500	770.560	247.390	239.630	-1.000	972.020	-1.000	-1.000	-1.000
2026-05-18T21:37:54Z	134201.368	dumbdrive_drive	loop_tick	136	-4270.020	-2270.020	-2170.020	479.980	3460.130	Running | Goals: 0	189.996	-115.100	-5688.700	-10087.101	1441.900	205.100	0.000	0.000	0.150	0.200	4.800	-0.300	0.100	0.000	4.800	10.000	-0.569	0	0	57	-2473.573	176.427	429.289	461.142	5160.938	-2170.020	479.980	0.877	0.000	0	0	1	0.882	1	0	0	0	0	0	0	0	0	0	0	0	0	0	0	0	14	436	249.160	468.740	447.380	435.530	249.160	10	-1.000	615.650	-1.000	582.080	-1.000	474.590	468.740	447.380	435.530	791.620	256.870	249.160	-1.000	973.130	-1.000	-1.000	-1.000
2026-05-18T21:37:54Z	134201.581	dumbdrive_drive	loop_tick	137	-4270.020	-2270.020	-2170.020	479.980	3460.130	Running | Goals: 0	189.996	-115.100	-5688.700	-10087.101	1441.900	205.100	0.000	0.000	0.100	0.150	4.800	-0.300	0.000	0.000	4.800	10.000	-0.569	0	0	57	-2473.573	176.427	429.289	460.911	5160.938	-2170.020	479.980	1.091	0.000	0	0	1	1.095	1	0	0	0	0	0	0	0	0	0	0	0	0	0	0	0	14	436	249.160	468.740	447.380	435.530	249.160	10	-1.000	615.650	-1.000	582.080	-1.000	474.590	468.740	447.380	435.530	791.620	256.870	249.160	-1.000	973.130	-1.000	-1.000	-1.000
2026-05-18T21:37:54Z	134201.799	dumbdrive_drive	loop_tick	138	-4270.020	-2270.020	-2170.020	479.980	3460.130	Running | Goals: 0	189.996	-115.100	-5688.700	-10087.101	1441.900	205.100	0.000	0.000	0.050	0.100	4.800	-0.300	0.000	0.000	4.800	10.000	-0.569	0	0	57	-2473.573	176.427	429.289	460.683	5160.938	-2170.020	479.980	1.306	0.000	0	0	1	1.310	1	0	0	0	0	0	0	0	0	0	0	0	0	0	0	0	14	436	249.160	468.740	447.380	435.530	249.160	10	-1.000	615.650	-1.000	582.080	-1.000	474.590	468.740	447.380	435.530	791.620	256.870	249.160	-1.000	973.130	-1.000	-1.000	-1.000
2026-05-18T21:37:55Z	134202.020	dumbdrive_drive	loop_tick	139	-4270.020	-2270.020	-2170.020	479.980	3460.130	Running | Goals: 0	189.996	-115.100	-5688.700	-10087.101	1441.900	205.100	0.000	0.000	0.000	0.050	4.800	-0.300	0.000	0.000	4.800	10.000	-0.569	0	0	57	-2473.573	176.427	429.289	460.459	5160.938	-2170.020	479.980	1.523	0.000	0	0	1	1.527	1	0	0	0	0	0	0	0	0	0	0	0	0	0	0	0	14	436	249.160	468.740	447.380	435.530	249.160	10	-1.000	615.650	-1.000	582.080	-1.000	474.590	468.740	447.380	435.530	791.620	256.870	249.160	-1.000	973.130	-1.000	-1.000	-1.000
2026-05-18T21:37:55Z	134202.236	dumbdrive_drive	loop_tick	140	-4270.020	-2270.020	-2170.020	479.980	3460.130	Running | Goals: 0	189.996	-115.100	-5688.700	-10087.101	1441.900	205.100	0.000	0.000	0.000	0.000	4.800	-0.300	0.000	0.000	4.800	10.000	-0.569	0	0	57	-2473.573	176.427	429.289	460.238	5160.938	-2170.020	479.980	1.743	0.000	0	0	1	1.747	1	0	0	0	0	0	0	0	0	0	0	0	0	0	0	0	14	436	249.160	468.740	447.380	435.530	249.160	10	-1.000	615.650	-1.000	582.080	-1.000	474.590	468.740	447.380	435.530	791.620	256.870	249.160	-1.000	973.130	-1.000	-1.000	-1.000
2026-05-18T21:37:55Z	134202.458	dumbdrive_drive	loop_tick	141	-4270.020	-2270.020	-2170.020	479.980	3460.130	Running | Goals: 0	189.996	-115.100	-5688.700	-10087.101	1441.900	205.100	0.200	0.200	0.050	0.000	4.300	-0.300	-0.500	0.000	4.300	10.000	-0.569	0	0	57	-2473.573	176.427	429.289	460.020	5160.938	-2170.020	479.980	1.960	0.000	1	0	1	1.964	1	0	0	0	0	0	0	0	0	0	0	0	0	0	0	0	14	436	266.100	451.460	442.410	431.010	266.100	12	-1.000	587.640	-1.000	556.070	926.790	456.470	451.460	442.410	431.010	761.210	274.110	266.100	-1.000	966.390	-1.000	-1.000	937.270
2026-05-18T21:37:55Z	134202.681	dumbdrive_drive	loop_tick	142	-4270.020	-2270.020	-2170.020	479.980	3460.130	Running | Goals: 0	189.996	-115.100	-5688.700	-10087.101	1441.900	205.100	0.200	0.200	0.100	0.050	4.300	-0.300	0.000	0.000	4.300	10.000	-0.569	0	0	57	-2473.573	176.427	429.289	459.805	5160.938	-2170.020	479.980	2.182	0.000	1	0	1	2.186	1	0	0	0	0	0	0	0	0	0	0	0	0	0	0	0	14	436	266.100	451.460	442.410	431.010	266.100	12	-1.000	587.640	-1.000	556.070	926.790	456.470	451.460	442.410	431.010	761.210	274.110	266.100	-1.000	966.390	-1.000	-1.000	937.270
2026-05-18T21:37:55Z	134202.906	dumbdrive_drive	loop_tick	143	-4270.020	-2270.020	-2170.020	479.980	3460.130	Running | Goals: 0	189.996	-115.100	-5688.700	-10087.101	1441.900	205.100	0.200	0.200	0.150	0.100	4.300	-0.300	0.000	0.000	4.300	10.000	-0.569	0	0	57	-2473.573	176.427	429.289	459.593	5160.938	-2170.020	479.980	2.406	0.000	1	0	1	2.410	1	0	0	0	0	0	0	0	0	0	0	0	0	0	0	0	14	436	266.100	451.460	442.410	431.010	266.100	12	-1.000	587.640	-1.000	556.070	926.790	456.470	451.460	442.410	431.010	761.210	274.110	266.100	-1.000	966.390	-1.000	-1.000	937.270
2026-05-18T21:37:56Z	134203.129	dumbdrive_drive	loop_tick	144	-4270.020	-2270.020	-2170.020	479.980	3460.130	Running | Goals: 0	189.996	-115.100	-5688.700	-10087.101	1441.900	205.100	0.200	0.200	0.200	0.150	4.300	-0.300	0.000	0.000	4.300	10.000	-0.569	0	0	57	-2473.573	176.427	429.289	459.384	5160.938	-2170.020	479.980	2.630	0.000	1	0	1	2.635	1	0	0	0	0	0	0	0	0	0	0	0	0	0	0	0	14	436	266.100	451.460	442.410	431.010	266.100	12	-1.000	587.640	-1.000	556.070	926.790	456.470	451.460	442.410	431.010	761.210	274.110	266.100	-1.000	966.390	-1.000	-1.000	937.270
2026-05-18T21:37:56Z	134203.352	dumbdrive_drive	loop_tick	145	-4270.020	-2270.020	-2170.020	479.980	3460.130	Running | Goals: 0	189.996	-115.100	-5688.700	-10087.101	1441.900	205.100	0.200	0.200	0.200	0.200	4.300	-0.300	0.000	0.000	4.300	10.000	-0.569	0	0	57	-2473.573	176.427	429.289	459.178	5160.938	-2170.020	479.980	2.852	0.000	1	0	1	2.856	1	0	0	0	0	0	0	0	0	0	0	0	0	0	0	0	14	436	266.100	451.460	442.410	431.010	266.100	12	-1.000	587.640	-1.000	556.070	926.790	456.470	451.460	442.410	431.010	761.210	274.110	266.100	-1.000	966.390	-1.000	-1.000	937.270
2026-05-18T21:37:56Z	134203.570	dumbdrive_drive	loop_tick	146	-4270.020	-2270.020	-2170.020	479.980	3460.130	Running | Goals: 0	189.996	-115.400	-5688.700	-10087.101	1441.900	205.400	0.400	0.400	0.250	0.200	4.200	-0.300	-0.100	0.000	4.200	10.000	-0.560	0	0	57	-2473.573	176.427	429.289	458.975	5160.938	-2170.020	479.980	3.076	0.000	1	0	1	3.080	1	0	0	0	0	0	0	0	0	0	0	0	0	0	0	0	14	436	274.330	449.240	442.610	431.790	274.330	12	-1.000	584.050	-1.000	553.240	912.480	453.790	449.240	442.610	431.790	758.380	282.410	274.330	-1.000	957.940	-1.000	-1.000	923.110
2026-05-18T21:37:56Z	134203.794	dumbdrive_drive	loop_tick	147	-4270.020	-2270.020	-2170.020	479.980	3460.130	Running | Goals: 0	189.996	-115.400	-5688.700	-10087.101	1441.900	205.400	0.400	0.400	0.300	0.250	4.200	-0.300	0.000	0.000	4.200	10.000	-0.560	0	0	57	-2473.573	176.427	429.289	458.774	5160.938	-2170.020	479.980	3.294	0.000	1	0	1	3.299	1	0	0	0	0	0	0	0	0	0	0	0	0	0	0	0	14	436	274.330	449.240	442.610	431.790	274.330	12	-1.000	584.050	-1.000	553.240	912.480	453.790	449.240	442.610	431.790	758.380	282.410	274.330	-1.000	957.940	-1.000	-1.000	923.110
2026-05-18T21:37:57Z	134204.020	dumbdrive_drive	loop_tick	148	-4270.020	-2270.020	-2170.020	479.980	3460.130	Running | Goals: 0	189.996	-115.400	-5688.700	-10087.101	1441.900	205.400	0.400	0.400	0.350	0.300	4.200	-0.300	0.000	0.000	4.200	10.000	-0.560	0	0	57	-2473.573	176.427	429.289	458.576	5160.938	-2170.020	479.980	3.518	0.000	1	0	1	3.523	1	0	0	0	0	0	0	0	0	0	0	0	0	0	0	0	14	436	274.330	449.240	442.610	431.790	274.330	12	-1.000	584.050	-1.000	553.240	912.480	453.790	449.240	442.610	431.790	758.380	282.410	274.330	-1.000	957.940	-1.000	-1.000	923.110
2026-05-18T21:37:57Z	134204.242	dumbdrive_drive	loop_tick	149	-4270.020	-2270.020	-2170.020	479.980	3460.130	Running | Goals: 0	189.996	-115.400	-5688.700	-10087.101	1441.900	205.400	0.400	0.400	0.400	0.350	4.200	-0.300	0.000	0.000	4.200	10.000	-0.560	0	0	57	-2473.573	176.427	429.289	458.381	5160.938	-2170.020	479.980	3.743	0.000	1	0	1	3.748	1	0	0	0	0	0	0	0	0	0	0	0	0	0	0	0	14	436	274.330	449.240	442.610	431.790	274.330	12	-1.000	584.050	-1.000	553.240	912.480	453.790	449.240	442.610	431.790	758.380	282.410	274.330	-1.000	957.940	-1.000	-1.000	923.110
2026-05-18T21:37:57Z	134204.463	dumbdrive_drive	loop_tick	150	-4270.020	-2270.020	-2180.029	460.058	3438.224	Running | Goals: 0	189.996	-115.900	-5688.800	-10087.300	1441.900	205.900	0.600	0.600	0.450	0.400	4.200	-0.300	0.000	0.000	4.200	10.000	-0.569	0	0	57	-2537.382	112.618	498.413	458.646	5183.233	-2170.020	479.980	3.966	22.295	1	0	1	3.970	1	0	0	0	0	0	0	0	0	0	0	0	0	0	0	0	14	426	272.970	451.570	441.720	432.130	272.970	12	-1.000	588.290	-1.000	558.120	922.990	455.630	451.570	441.720	432.130	760.400	280.950	272.970	-1.000	948.750	-1.000	-1.000	942.830
2026-05-18T21:37:57Z	134204.686	dumbdrive_drive	loop_tick	151	-4270.020	-2270.020	-2180.029	460.058	3438.224	Running | Goals: 0	189.996	-115.900	-5688.800	-10087.300	1441.900	205.900	0.600	0.600	0.500	0.450	4.200	-0.300	0.000	0.000	4.200	10.000	-0.569	0	0	57	-2537.382	112.618	498.413	458.908	5183.233	-2180.029	460.058	0.000	22.295	1	1	0	4.191	1	0	0	0	0	0	0	0	0	0	0	0	0	0	0	0	14	426	272.970	451.570	441.720	432.130	272.970	12	-1.000	588.290	-1.000	558.120	922.990	455.630	451.570	441.720	432.130	760.400	280.950	272.970	-1.000	948.750	-1.000	-1.000	942.830
2026-05-18T21:37:57Z	134204.906	dumbdrive_drive	loop_tick	152	-4270.020	-2270.020	-2180.029	460.058	3438.224	Running | Goals: 0	189.996	-115.900	-5688.800	-10087.300	1441.900	205.900	0.600	0.600	0.550	0.500	4.200	-0.300	0.000	0.000	4.200	10.000	-0.569	0	0	57	-2537.382	112.618	498.413	459.166	5183.233	-2180.029	460.058	0.000	0.000	1	1	0	0.000	1	0	0	0	0	0	0	0	0	0	0	0	0	0	0	0	14	426	272.970	451.570	441.720	432.130	272.970	12	-1.000	588.290	-1.000	558.120	922.990	455.630	451.570	441.720	432.130	760.400	280.950	272.970	-1.000	948.750	-1.000	-1.000	942.830
2026-05-18T21:37:58Z	134205.128	dumbdrive_drive	loop_tick	153	-4270.020	-2270.020	-2180.029	460.058	3438.224	Running | Goals: 0	189.996	-115.900	-5688.800	-10087.300	1441.900	205.900	0.600	0.600	0.600	0.550	4.200	-0.300	0.000	0.000	4.200	10.000	-0.569	0	0	57	-2537.382	112.618	498.413	459.421	5183.233	-2180.029	460.058	0.000	0.000	1	1	0	0.000	1	0	0	0	0	0	0	0	0	0	0	0	0	0	0	0	14	426	272.970	451.570	441.720	432.130	272.970	12	-1.000	588.290	-1.000	558.120	922.990	455.630	451.570	441.720	432.130	760.400	280.950	272.970	-1.000	948.750	-1.000	-1.000	942.830
2026-05-18T21:37:58Z	134205.347	dumbdrive_drive	loop_tick	154	-4270.020	-2270.020	-2180.029	460.058	3438.224	Running | Goals: 0	189.996	-115.900	-5688.800	-10087.300	1441.900	205.900	0.600	0.600	0.600	0.600	4.200	-0.300	0.000	0.000	4.200	10.000	-0.569	0	0	57	-2537.382	112.618	498.413	459.672	5183.233	-2180.029	460.058	0.000	0.000	1	1	0	0.000	1	0	0	0	0	0	0	0	0	0	0	0	0	0	0	0	14	426	272.970	451.570	441.720	432.130	272.970	12	-1.000	588.290	-1.000	558.120	922.990	455.630	451.570	441.720	432.130	760.400	280.950	272.970	-1.000	948.750	-1.000	-1.000	942.830
2026-05-18T21:37:58Z	134205.566	dumbdrive_drive	loop_tick	155	-4270.020	-2270.020	-2189.990	450.000	3424.183	Running | Goals: 0	189.996	-116.500	-5688.900	-10087.400	1441.900	206.500	0.800	0.800	0.650	0.600	4.300	-0.200	0.100	0.100	4.300	10.000	-0.552	0	0	57	-2543.568	106.432	493.007	459.886	5197.389	-2189.990	450.000	0.000	14.156	1	1	0	0.000	1	0	0	0	0	0	0	0	0	0	0	0	0	0	0	0	14	425	271.320	453.800	439.800	432.290	271.320	12	-1.000	593.080	-1.000	564.720	934.270	457.610	453.800	439.800	432.290	762.140	279.180	271.320	-1.000	934.770	-1.000	-1.000	964.810
2026-05-18T21:37:58Z	134205.789	dumbdrive_drive	loop_tick	156	-4270.020	-2270.020	-2189.990	450.000	3424.183	Running | Goals: 0	189.996	-116.500	-5688.900	-10087.400	1441.900	206.500	0.800	0.800	0.700	0.650	4.300	-0.200	0.000	0.000	4.300	10.000	-0.552	0	0	57	-2543.568	106.432	493.007	460.097	5197.389	-2189.990	450.000	0.000	0.000	1	1	0	0.000	1	0	0	0	0	0	0	0	0	0	0	0	0	0	0	0	14	425	271.320	453.800	439.800	432.290	271.320	12	-1.000	593.080	-1.000	564.720	934.270	457.610	453.800	439.800	432.290	762.140	279.180	271.320	-1.000	934.770	-1.000	-1.000	964.810
2026-05-18T21:37:59Z	134206.016	dumbdrive_drive	loop_tick	157	-4270.020	-2270.020	-2189.990	450.000	3424.183	Running | Goals: 0	189.996	-116.500	-5688.900	-10087.400	1441.900	206.500	0.800	0.800	0.750	0.700	4.300	-0.200	0.000	0.000	4.300	10.000	-0.552	0	0	57	-2543.568	106.432	493.007	460.305	5197.389	-2189.990	450.000	0.000	0.000	1	1	0	0.000	1	0	0	0	0	0	0	0	0	0	0	0	0	0	0	0	14	425	271.320	453.800	439.800	432.290	271.320	12	-1.000	593.080	-1.000	564.720	934.270	457.610	453.800	439.800	432.290	762.140	279.180	271.320	-1.000	934.770	-1.000	-1.000	964.810
2026-05-18T21:37:59Z	134206.237	dumbdrive_drive	loop_tick	158	-4270.020	-2270.020	-2189.990	450.000	3424.183	Running | Goals: 0	189.996	-116.500	-5688.900	-10087.400	1441.900	206.500	0.800	0.800	0.800	0.750	4.300	-0.200	0.000	0.000	4.300	10.000	-0.552	0	0	57	-2543.568	106.432	493.007	460.511	5197.389	-2189.990	450.000	0.000	0.000	1	1	0	0.000	1	0	0	0	0	0	0	0	0	0	0	0	0	0	0	0	14	425	271.320	453.800	439.800	432.290	271.320	12	-1.000	593.080	-1.000	564.720	934.270	457.610	453.800	439.800	432.290	762.140	279.180	271.320	-1.000	934.770	-1.000	-1.000	964.810
2026-05-18T21:37:59Z	134206.458	dumbdrive_drive	loop_tick	159	-4270.020	-2270.020	-2200.000	429.980	3402.202	Running | Goals: 0	199.994	-117.100	-5689.000	-10087.601	1442.000	207.100	0.900	0.900	0.825	0.800	4.200	-0.100	-0.100	0.100	4.200	10.000	-0.563	0	0	57	-2530.548	119.452	453.530	460.467	5221.903	-2200.000	429.980	0.000	22.383	1	1	0	0.000	1	0	0	0	0	0	0	0	0	0	0	0	0	0	0	0	14	427	272.570	456.440	437.840	433.950	272.570	12	-1.000	598.190	-1.000	572.680	946.660	459.680	456.440	437.840	433.950	763.700	280.020	272.570	-1.000	916.380	-1.000	-1.000	990.380
2026-05-18T21:37:59Z	134206.672	dumbdrive_drive	loop_tick	160	-4270.020	-2270.020	-2200.000	429.980	3402.202	Running | Goals: 0	199.994	-117.100	-5689.000	-10087.601	1442.000	207.100	0.900	0.900	0.850	0.825	4.200	-0.100	0.000	0.000	4.200	10.000	-0.563	0	0	57	-2530.548	119.452	453.530	460.424	5221.903	-2200.000	429.980	0.000	0.000	1	1	0	0.000	1	0	0	0	0	0	0	0	0	0	0	0	0	0	0	0	14	427	272.570	456.440	437.840	433.950	272.570	12	-1.000	598.190	-1.000	572.680	946.660	459.680	456.440	437.840	433.950	763.700	280.020	272.570	-1.000	916.380	-1.000	-1.000	990.380
2026-05-18T21:37:59Z	134206.885	dumbdrive_drive	loop_tick	161	-4270.020	-2270.020	-2200.000	429.980	3402.202	Running | Goals: 0	199.994	-117.100	-5689.000	-10087.601	1442.000	207.100	0.900	0.900	0.875	0.850	4.200	-0.100	0.000	0.000	4.200	10.000	-0.563	0	0	57	-2530.548	119.452	453.530	460.382	5221.903	-2200.000	429.980	0.000	0.000	1	1	0	0.000	1	0	0	0	0	0	0	0	0	0	0	0	0	0	0	0	14	427	272.570	456.440	437.840	433.950	272.570	12	-1.000	598.190	-1.000	572.680	946.660	459.680	456.440	437.840	433.950	763.700	280.020	272.570	-1.000	916.380	-1.000	-1.000	990.380
2026-05-18T21:38:00Z	134207.103	dumbdrive_drive	loop_tick	162	-4270.020	-2270.020	-2200.000	429.980	3402.202	Running | Goals: 0	199.994	-117.100	-5689.000	-10087.601	1442.000	207.100	0.900	0.900	0.900	0.875	4.200	-0.100	0.000	0.000	4.200	10.000	-0.563	0	0	57	-2530.548	119.452	453.530	460.340	5221.903	-2200.000	429.980	0.000	0.000	1	1	0	0.000	1	0	0	0	0	0	0	0	0	0	0	0	0	0	0	0	14	427	272.570	456.440	437.840	433.950	272.570	12	-1.000	598.190	-1.000	572.680	946.660	459.680	456.440	437.840	433.950	763.700	280.020	272.570	-1.000	916.380	-1.000	-1.000	990.380
2026-05-18T21:38:00Z	134207.325	dumbdrive_drive	loop_tick	163	-4270.020	-2270.020	-2200.000	429.980	3402.202	Running | Goals: 0	199.994	-117.100	-5689.000	-10087.601	1442.000	207.100	0.900	0.900	0.900	0.900	4.200	-0.100	0.000	0.000	4.200	10.000	-0.563	0	0	57	-2530.548	119.452	453.530	460.298	5221.903	-2200.000	429.980	0.000	0.000	1	1	0	0.000	1	0	0	0	0	0	0	0	0	0	0	0	0	0	0	0	14	427	272.570	456.440	437.840	433.950	272.570	12	-1.000	598.190	-1.000	572.680	946.660	459.680	456.440	437.840	433.950	763.700	280.020	272.570	-1.000	916.380	-1.000	-1.000	990.380
2026-05-18T21:38:00Z	134207.546	dumbdrive_drive	loop_tick	164	-4270.020	-2270.020	-2220.020	410.058	3374.214	Running | Goals: 0	199.994	-118.100	-5689.200	-10087.800	1442.000	208.100	1.100	1.100	0.950	0.900	4.300	0.000	0.100	0.100	4.300	10.000	-0.407	0	0	57	-2530.534	69.466	460.894	460.302	5250.146	-2220.020	410.058	0.000	28.243	1	1	0	0.000	1	0	0	0	0	0	0	0	0	0	0	0	0	0	0	0	14	424	271.890	460.000	434.300	435.790	271.890	11	-1.000	604.380	-1.000	582.910	973.750	461.960	460.000	434.300	435.790	762.730	277.710	271.890	-1.000	894.900	-1.000	-1.000	-1.000
2026-05-18T21:38:00Z	134207.769	dumbdrive_drive	loop_tick	165	-4270.020	-2270.020	-2220.020	410.058	3374.214	Running | Goals: 0	199.994	-118.100	-5689.200	-10087.800	1442.000	208.100	1.100	1.100	1.000	0.950	4.300	0.000	0.000	0.000	4.300	10.000	-0.407	0	0	57	-2530.534	69.466	460.894	460.305	5250.146	-2220.020	410.058	0.000	0.000	1	1	0	0.000	1	0	0	0	0	0	0	0	0	0	0	0	0	0	0	0	14	424	271.890	460.000	434.300	435.790	271.890	11	-1.000	604.380	-1.000	582.910	973.750	461.960	460.000	434.300	435.790	762.730	277.710	271.890	-1.000	894.900	-1.000	-1.000	-1.000
2026-05-18T21:38:00Z	134207.991	dumbdrive_drive	loop_tick	166	-4270.020	-2270.020	-2220.020	410.058	3374.214	Running | Goals: 0	199.994	-118.100	-5689.200	-10087.800	1442.000	208.100	1.100	1.100	1.050	1.000	4.300	0.000	0.000	0.000	4.300	10.000	-0.407	0	0	57	-2530.534	69.466	460.894	460.309	5250.146	-2220.020	410.058	0.000	0.000	1	1	0	0.000	1	0	0	0	0	0	0	0	0	0	0	0	0	0	0	0	14	424	271.890	460.000	434.300	435.790	271.890	11	-1.000	604.380	-1.000	582.910	973.750	461.960	460.000	434.300	435.790	762.730	277.710	271.890	-1.000	894.900	-1.000	-1.000	-1.000
2026-05-18T21:38:01Z	134208.212	dumbdrive_drive	loop_tick	167	-4270.020	-2270.020	-2220.020	410.058	3374.214	Running | Goals: 0	199.994	-118.100	-5689.200	-10087.800	1442.000	208.100	1.100	1.100	1.100	1.050	4.300	0.000	0.000	0.000	4.300	10.000	-0.407	0	0	57	-2530.534	69.466	460.894	460.312	5250.146	-2220.020	410.058	0.000	0.000	1	1	0	0.000	1	0	0	0	0	0	0	0	0	0	0	0	0	0	0	0	14	424	271.890	460.000	434.300	435.790	271.890	11	-1.000	604.380	-1.000	582.910	973.750	461.960	460.000	434.300	435.790	762.730	277.710	271.890	-1.000	894.900	-1.000	-1.000	-1.000
2026-05-18T21:38:01Z	134208.436	dumbdrive_drive	loop_tick	168	-4270.020	-2270.020	-2220.020	410.058	3374.214	Running | Goals: 0	199.994	-118.100	-5689.200	-10087.800	1442.000	208.100	1.100	1.100	1.100	1.100	4.300	0.000	0.000	0.000	4.300	10.000	-0.407	0	0	57	-2530.534	69.466	460.894	460.316	5250.146	-2220.020	410.058	0.000	0.000	1	1	0	0.000	1	0	0	0	0	0	0	0	0	0	0	0	0	0	0	0	14	424	271.890	460.000	434.300	435.790	271.890	11	-1.000	604.380	-1.000	582.910	973.750	461.960	460.000	434.300	435.790	762.730	277.710	271.890	-1.000	894.900	-1.000	-1.000	-1.000
2026-05-18T21:38:01Z	134208.657	dumbdrive_drive	loop_tick	169	-4270.020	-2270.020	-2230.029	379.980	3344.258	Running | Goals: 0	199.994	-119.000	-5689.300	-10088.101	1442.000	209.000	1.300	1.300	1.150	1.100	4.200	0.100	-0.100	0.100	4.200	10.000	-0.557	0	0	57	-2577.961	72.039	464.634	460.341	5281.846	-2230.029	379.980	0.000	31.700	1	1	0	0.000	1	0	0	0	0	0	0	0	0	0	0	0	0	0	0	0	14	419	273.830	463.570	430.760	437.840	273.830	10	-1.000	611.170	-1.000	593.830	-1.000	464.600	463.570	430.760	437.840	763.420	277.370	273.830	-1.000	867.770	-1.000	-1.000	-1.000
2026-05-18T21:38:01Z	134208.881	dumbdrive_drive	loop_tick	170	-4270.020	-2270.020	-2230.029	379.980	3344.258	Running | Goals: 0	199.994	-119.000	-5689.300	-10088.101	1442.000	209.000	1.300	1.300	1.200	1.150	4.200	0.100	0.000	0.000	4.200	10.000	-0.557	0	0	57	-2577.961	72.039	464.634	460.366	5281.846	-2230.029	379.980	0.000	0.000	1	1	0	0.000	1	0	0	0	0	0	0	0	0	0	0	0	0	0	0	0	14	419	273.830	463.570	430.760	437.840	273.830	10	-1.000	611.170	-1.000	593.830	-1.000	464.600	463.570	430.760	437.840	763.420	277.370	273.830	-1.000	867.770	-1.000	-1.000	-1.000
2026-05-18T21:38:02Z	134209.102	dumbdrive_drive	loop_tick	171	-4270.020	-2270.020	-2230.029	379.980	3344.258	Running | Goals: 0	199.994	-119.000	-5689.300	-10088.101	1442.000	209.000	1.300	1.300	1.250	1.200	4.200	0.100	0.000	0.000	4.200	10.000	-0.557	0	0	57	-2577.961	72.039	464.634	460.391	5281.846	-2230.029	379.980	0.000	0.000	1	1	0	0.000	1	0	0	0	0	0	0	0	0	0	0	0	0	0	0	0	14	419	273.830	463.570	430.760	437.840	273.830	10	-1.000	611.170	-1.000	593.830	-1.000	464.600	463.570	430.760	437.840	763.420	277.370	273.830	-1.000	867.770	-1.000	-1.000	-1.000
2026-05-18T21:38:02Z	134209.323	dumbdrive_drive	loop_tick	172	-4270.020	-2270.020	-2230.029	379.980	3344.258	Running | Goals: 0	199.994	-119.000	-5689.300	-10088.101	1442.000	209.000	1.300	1.300	1.300	1.250	4.200	0.100	0.000	0.000	4.200	10.000	-0.557	0	0	57	-2577.961	72.039	464.634	460.416	5281.846	-2230.029	379.980	0.000	0.000	1	1	0	0.000	1	0	0	0	0	0	0	0	0	0	0	0	0	0	0	0	14	419	273.830	463.570	430.760	437.840	273.830	10	-1.000	611.170	-1.000	593.830	-1.000	464.600	463.570	430.760	437.840	763.420	277.370	273.830	-1.000	867.770	-1.000	-1.000	-1.000
2026-05-18T21:38:02Z	134209.539	dumbdrive_drive	loop_tick	173	-4270.020	-2270.020	-2250.000	350.000	3308.320	Running | Goals: 0	199.994	-119.800	-5689.500	-10088.400	1442.000	209.800	1.500	1.500	1.350	1.300	4.200	0.100	0.000	0.000	4.200	10.000	-0.434	0	0	57	-2593.592	6.408	485.913	460.562	5317.869	-2250.000	350.000	0.000	36.023	1	1	0	0.000	1	0	0	0	0	0	0	0	0	0	0	0	0	0	0	0	14	414	275.750	466.370	426.200	439.220	275.750	10	-1.000	617.740	-1.000	604.130	-1.000	467.260	466.370	426.200	439.220	763.980	277.090	275.750	-1.000	839.130	-1.000	-1.000	-1.000
2026-05-18T21:38:02Z	134209.754	dumbdrive_drive	loop_tick	174	-4270.020	-2270.020	-2250.000	350.000	3308.320	Running | Goals: 0	199.994	-119.800	-5689.500	-10088.400	1442.000	209.800	1.500	1.500	1.400	1.350	4.200	0.100	0.000	0.000	4.200	10.000	-0.434	0	0	57	-2593.592	6.408	485.913	460.707	5317.869	-2250.000	350.000	0.000	0.000	1	1	0	0.000	1	0	0	0	0	0	0	0	0	0	0	0	0	0	0	0	14	414	275.750	466.370	426.200	439.220	275.750	10	-1.000	617.740	-1.000	604.130	-1.000	467.260	466.370	426.200	439.220	763.980	277.090	275.750	-1.000	839.130	-1.000	-1.000	-1.000
2026-05-18T21:38:02Z	134209.973	dumbdrive_drive	loop_tick	175	-4270.020	-2270.020	-2250.000	350.000	3308.320	Running | Goals: 0	199.994	-119.800	-5689.500	-10088.400	1442.000	209.800	1.500	1.500	1.450	1.400	4.200	0.100	0.000	0.000	4.200	10.000	-0.434	0	0	57	-2593.592	6.408	485.913	460.850	5317.869	-2250.000	350.000	0.000	0.000	1	1	0	0.000	1	0	0	0	0	0	0	0	0	0	0	0	0	0	0	0	14	414	275.750	466.370	426.200	439.220	275.750	10	-1.000	617.740	-1.000	604.130	-1.000	467.260	466.370	426.200	439.220	763.980	277.090	275.750	-1.000	839.130	-1.000	-1.000	-1.000
2026-05-18T21:38:03Z	134210.188	dumbdrive_drive	loop_tick	176	-4270.020	-2270.020	-2250.000	350.000	3308.320	Running | Goals: 0	199.994	-119.800	-5689.500	-10088.400	1442.000	209.800	1.500	1.500	1.500	1.450	4.200	0.100	0.000	0.000	4.200	10.000	-0.434	0	0	57	-2593.592	6.408	485.913	460.992	5317.869	-2250.000	350.000	0.000	0.000	1	1	0	0.000	1	0	0	0	0	0	0	0	0	0	0	0	0	0	0	0	14	414	275.750	466.370	426.200	439.220	275.750	10	-1.000	617.740	-1.000	604.130	-1.000	467.260	466.370	426.200	439.220	763.980	277.090	275.750	-1.000	839.130	-1.000	-1.000	-1.000
2026-05-18T21:38:03Z	134210.401	dumbdrive_drive	loop_tick	177	-4270.020	-2270.020	-2270.020	310.058	3264.476	Running | Goals: 0	209.992	-120.400	-5689.700	-10088.800	1442.100	210.400	1.600	1.600	1.525	1.500	4.100	0.200	-0.100	0.100	4.100	10.000	-0.342	0	0	57	-2580.534	-30.534	460.894	460.991	5363.652	-2270.020	310.058	0.000	44.678	1	1	0	0.000	1	0	0	0	0	0	0	0	0	0	0	0	0	0	0	0	14	413	280.240	468.270	425.790	439.010	280.240	11	-1.000	623.010	-1.000	611.590	980.760	471.660	468.270	425.790	439.010	767.310	280.240	280.370	-1.000	802.470	-1.000	-1.000	-1.000
2026-05-18T21:38:03Z	134210.621	dumbdrive_drive	loop_tick	178	-4270.020	-2270.020	-2270.020	310.058	3264.476	Running | Goals: 0	209.992	-120.400	-5689.700	-10088.800	1442.100	210.400	1.600	1.600	1.550	1.525	4.100	0.200	0.000	0.000	4.100	10.000	-0.342	0	0	57	-2580.534	-30.534	460.894	460.991	5363.652	-2270.020	310.058	0.000	0.000	1	1	0	0.000	1	0	0	0	0	0	0	0	0	0	0	0	0	0	0	0	14	413	280.240	468.270	425.790	439.010	280.240	11	-1.000	623.010	-1.000	611.590	980.760	471.660	468.270	425.790	439.010	767.310	280.240	280.370	-1.000	802.470	-1.000	-1.000	-1.000
2026-05-18T21:38:03Z	134210.842	dumbdrive_drive	loop_tick	179	-4270.020	-2270.020	-2270.020	310.058	3264.476	Running | Goals: 0	209.992	-120.400	-5689.700	-10088.800	1442.100	210.400	1.600	1.600	1.575	1.550	4.100	0.200	0.000	0.000	4.100	10.000	-0.342	0	0	57	-2580.534	-30.534	460.894	460.990	5363.652	-2270.020	310.058	0.000	0.000	1	1	0	0.000	1	0	0	0	0	0	0	0	0	0	0	0	0	0	0	0	14	413	280.240	468.270	425.790	439.010	280.240	11	-1.000	623.010	-1.000	611.590	980.760	471.660	468.270	425.790	439.010	767.310	280.240	280.370	-1.000	802.470	-1.000	-1.000	-1.000
2026-05-18T21:38:04Z	134211.063	dumbdrive_drive	loop_tick	180	-4270.020	-2270.020	-2270.020	310.058	3264.476	Running | Goals: 0	209.992	-120.400	-5689.700	-10088.800	1442.100	210.400	1.600	1.600	1.600	1.575	4.100	0.200	0.000	0.000	4.100	10.000	-0.342	0	0	57	-2580.534	-30.534	460.894	460.990	5363.652	-2270.020	310.058	0.000	0.000	1	1	0	0.000	1	0	0	0	0	0	0	0	0	0	0	0	0	0	0	0	14	413	280.240	468.270	425.790	439.010	280.240	11	-1.000	623.010	-1.000	611.590	980.760	471.660	468.270	425.790	439.010	767.310	280.240	280.370	-1.000	802.470	-1.000	-1.000	-1.000
2026-05-18T21:38:04Z	134211.283	dumbdrive_drive	loop_tick	181	-4270.020	-2270.020	-2270.020	310.058	3264.476	Running | Goals: 0	209.992	-120.400	-5689.700	-10088.800	1442.100	210.400	1.600	1.600	1.600	1.600	4.100	0.200	0.000	0.000	4.100	10.000	-0.342	0	0	57	-2580.534	-30.534	460.894	460.989	5363.652	-2270.020	310.058	0.000	0.000	1	1	0	0.000	1	0	0	0	0	0	0	0	0	0	0	0	0	0	0	0	14	413	280.240	468.270	425.790	439.010	280.240	11	-1.000	623.010	-1.000	611.590	980.760	471.660	468.270	425.790	439.010	767.310	280.240	280.370	-1.000	802.470	-1.000	-1.000	-1.000
2026-05-18T21:38:04Z	134211.503	dumbdrive_drive	loop_tick	182	-4270.020	-2270.020	-2300.000	279.980	3222.340	Running | Goals: 0	209.992	-121.200	-5690.000	-10089.101	1442.100	211.200	1.800	1.800	1.650	1.600	3.900	0.100	-0.200	-0.100	3.900	10.000	-0.445	0	0	57	-2630.548	-30.548	453.530	460.948	5406.120	-2300.000	279.980	0.000	42.468	1	1	0	0.000	1	0	0	0	0	0	0	0	0	0	0	0	0	0	0	0	14	408	290.290	467.840	432.020	432.650	290.290	11	-1.000	622.860	-1.000	608.950	937.630	471.730	467.840	432.020	432.650	775.910	290.380	290.290	-1.000	763.150	-1.000	-1.000	-1.000
2026-05-18T21:38:04Z	134211.716	dumbdrive_drive	loop_tick	183	-4270.020	-2270.020	-2300.000	279.980	3222.340	Running | Goals: 0	209.992	-121.200	-5690.000	-10089.101	1442.100	211.200	1.800	1.800	1.700	1.650	3.900	0.100	0.000	0.000	3.900	10.000	-0.445	0	0	57	-2630.548	-30.548	453.530	460.908	5406.120	-2300.000	279.980	0.000	0.000	1	1	0	0.000	1	0	0	0	0	0	0	0	0	0	0	0	0	0	0	0	14	408	290.290	467.840	432.020	432.650	290.290	11	-1.000	622.860	-1.000	608.950	937.630	471.730	467.840	432.020	432.650	775.910	290.380	290.290	-1.000	763.150	-1.000	-1.000	-1.000
2026-05-18T21:38:04Z	134211.934	dumbdrive_drive	loop_tick	184	-4270.020	-2270.020	-2300.000	279.980	3222.340	Running | Goals: 0	209.992	-121.200	-5690.000	-10089.101	1442.100	211.200	1.800	1.800	1.750	1.700	3.900	0.100	0.000	0.000	3.900	10.000	-0.445	0	0	57	-2630.548	-30.548	453.530	460.868	5406.120	-2300.000	279.980	0.000	0.000	1	1	0	0.000	1	0	0	0	0	0	0	0	0	0	0	0	0	0	0	0	14	408	290.290	467.840	432.020	432.650	290.290	11	-1.000	622.860	-1.000	608.950	937.630	471.730	467.840	432.020	432.650	775.910	290.380	290.290	-1.000	763.150	-1.000	-1.000	-1.000
